ticker,date,shifted
JAZZ,2010-10-11,-0.1599976122379303
ASRT,2011-01-28,0.901583731174469
ASRT,2011-04-29,0.5981871485710144
SGEN,2011-08-19,0.3131023645401001
PCRX,2011-10-31,0.6339650750160217
INCY,2011-11-16,0.8787140846252441
HALO,2011-12-08,0.0447227135300636
CRIS,2012-01-30,0.5162480473518372
CORT,2012-02-17,0.1154553294181823
PLX,2012-05-01,0.8542802929878235
EBS,2012-05-17,0.8872442245483398
SUPN,2012-10-22,-0.7133146524429321
EXEL,2012-11-29,0.7555480003356934
NAVB,2013-03-13,0.9230948686599731
ASRT,2013-05-31,0.9002429842948914
AVDL,2013-06-03,0.9464906454086304
TBPH,2013-06-21,-0.3505508303642273
SUPN,2013-08-19,0.9404237866401672
HALO,2013-10-14,-0.5254683494567871
ABBV,2013-11-13,0.9315096139907836
VNDA,2014-01-31,0.6873170733451843
ABBV,2014-02-12,0.9362404346466064
DRRX,2014-02-12,-0.7749227285385132
OMER,2014-06-02,0.5567784905433655
COLL,2014-06-06,0.9066792130470276
MNKD,2014-06-27,0.9120713472366332
EGRX,2014-07-02,0.9079836010932922
ASRT,2014-07-07,0.9445252418518066
EGRX,2014-07-23,0.9439130425453186
AKBA,2014-09-05,0.8975180983543396
HALO,2014-09-12,0.7292438745498657
NKTR,2014-09-16,0.2319701910018921
INCY,2014-12-04,0.9497845768928528
ABBV,2014-12-19,-0.8136988282203674
ENTA,2014-12-19,0.1570912450551986
VRTX,2014-12-29,-0.0661347955465316
ABBV,2015-01-29,0.9485793113708496
ABBV,2015-01-29,0.9471827149391174
VRTX,2015-03-17,0.9491082429885864
NKTR,2015-03-17,-0.7942506074905396
AMGN,2015-04-15,0.7260019183158875
JNJ,2015-04-16,0.9454392194747924
TBPH,2015-04-30,0.0418336987495422
VRTX,2015-07-02,0.9425547122955322
SGEN,2015-08-17,-0.1088763624429702
MACK,2015-10-22,-0.333338975906372
COLL,2015-10-25,0.9130097031593324
EXEL,2015-11-10,0.9450598359107972
NKTR,2015-11-16,-0.433925062417984
EBS,2015-11-24,0.9474726319313048
CHRS,2016-01-11,0.94588303565979
BMRN,2016-01-14,0.945024847984314
VRTX,2016-02-05,0.9081884622573853
JAZZ,2016-03-14,0.949350357055664
ASRT,2016-03-15,0.9279619455337524
EGRX,2016-03-18,0.9238553643226624
EXEL,2016-04-25,0.9279367327690125
ACAD,2016-04-29,0.9253023266792296
ACAD,2016-04-29,0.4337303936481476
AVDL,2016-05-02,0.9056409001350404
VNDA,2016-05-26,-0.0458853803575038
ICPT,2016-05-27,0.8584402203559875
MRNS,2016-06-13,0.9454199075698853
OPK,2016-06-21,0.8926499485969543
LNTH,2016-07-19,0.9239570498466492
HRTX,2016-08-10,0.9437525272369384
NVAX,2016-09-15,-0.5886095762252808
SRPT,2016-09-19,0.9427999258041382
TENX,2016-10-05,-0.731323778629303
ACOR,2016-11-21,0.097208634018898
AVTX,2016-11-29,0.792275071144104
COLL,2016-12-13,0.9066792130470276
VTVT,2016-12-14,0.8682868480682373
IONS,2016-12-23,0.946135938167572
FGEN,2017-01-17,-0.536665141582489
NBIX,2017-01-18,0.6597464680671692
ABBV,2017-01-19,0.0416439324617385
ABBV,2017-01-19,0.9488641619682312
TENX,2017-01-31,0.4950026869773865
JAZZ,2017-02-07,0.1204600632190704
AMGN,2017-02-07,0.9488876461982728
JNJ,2017-02-08,0.941973090171814
BHC,2017-02-15,0.0931058526039123
CDTX,2017-02-21,0.0243730247020721
CMRX,2017-02-22,-0.0540529042482376
BMY,2017-02-22,0.8507388830184937
MRK,2017-03-01,0.9442803859710692
PTCT,2017-03-02,0.3959320783615112
KPTI,2017-03-02,0.9311310648918152
MRK,2017-03-14,0.7708890438079834
JAZZ,2017-03-20,0.9400660395622252
PFE,2017-03-23,0.9407819509506226
REGN,2017-03-28,0.9453617930412292
PFE,2017-03-31,0.9413925409317015
SUPN,2017-04-05,-0.7878897190093994
NKTR,2017-04-05,0.9138981103897096
MRK,2017-04-07,0.8926586508750916
NBIX,2017-04-11,0.9482095241546632
MRK,2017-04-21,0.9437300562858582
XOMA,2017-04-24,0.4695467948913574
REGN,2017-04-25,0.1847965866327285
BMRN,2017-04-27,0.9467944502830504
PFE,2017-05-09,0.944027543067932
MRK,2017-05-10,0.9326106309890748
CAPR,2017-05-12,0.9077326655387878
MRK,2017-05-18,-0.5207231640815735
REGN,2017-05-22,0.9466540217399596
MRK,2017-05-23,0.9379037022590636
MRK,2017-05-30,0.9386540651321412
ALKS,2017-06-06,-0.5966822504997253
MRK,2017-06-12,0.949406087398529
JNJ,2017-06-16,0.9485724568367004
AYTU,2017-06-19,0.9280376434326172
HALO,2017-06-22,0.9413925409317015
XENE,2017-06-27,0.685059130191803
AMGN,2017-06-29,0.9438812136650084
BMY,2017-07-06,-0.0559542253613472
RCKT,2017-07-07,0.6738399863243103
AMGN,2017-07-11,0.2828233540058136
JNJ,2017-07-13,0.9384533762931824
PBYI,2017-07-17,0.6190722584724426
GILD,2017-07-18,0.940576672554016
MRK,2017-07-24,0.8598739504814148
BMY,2017-08-01,0.9477719068527222
ACRX,2017-08-01,0.9451764822006226
JNJ,2017-08-02,0.8453094959259033
ABBV,2017-08-02,0.947579026222229
TBPH,2017-08-02,-0.7836255431175232
ABBV,2017-08-03,0.9240214228630066
ENTA,2017-08-03,-0.7310442328453064
HRMY,2017-08-07,0.7327957153320312
REGN,2017-08-14,0.9398027658462524
HRMY,2017-08-14,0.8681929707527161
PFE,2017-08-17,-0.8707720637321472
IRWD,2017-08-21,0.1089820563793182
RARE,2017-08-22,0.9248650074005128
PFE,2017-09-01,0.9478561282157898
SAGE,2017-09-12,0.8930551409721375
ABBV,2017-09-14,0.9115886688232422
AMGN,2017-09-14,0.9463169574737548
AYTU,2017-09-15,0.931126356124878
OPTN,2017-09-17,0.8097331523895264
INVA,2017-09-18,-0.5579357147216797
ARAV,2017-09-21,0.8886789083480835
BCRX,2017-09-21,0.93831866979599
JNJ,2017-09-22,-0.4248892664909363
PRTA,2017-09-28,-0.6740761995315552
ABBV,2017-10-03,0.7267502546310425
VTRS,2017-10-04,0.94713693857193
LLY,2017-10-04,0.9298487305641174
NBIX,2017-10-05,0.9380926489830016
PFE,2017-10-12,0.7187861800193787
JNJ,2017-10-13,0.9350939393043518
JNJ,2017-10-20,0.9441154599189758
JNJ,2017-10-20,0.9494948387145996
EGRX,2017-10-27,0.919394552707672
BMY,2017-10-28,0.9482496976852416
MNOV,2017-10-28,0.5564023852348328
MNOV,2017-10-28,-0.1909737586975097
BHC,2017-11-02,0.9441853761672974
COLL,2017-11-07,-0.3519222438335418
AKBA,2017-11-07,0.783287763595581
MRK,2017-11-09,0.9503331780433656
SAGE,2017-11-09,0.9286335110664368
DVAX,2017-11-09,0.3542555570602417
SGEN,2017-11-09,-0.8448940515518188
INO,2017-11-10,0.8448350429534912
BMY,2017-11-10,0.9418127536773682
ABBV,2017-11-13,0.9435754418373108
ACOR,2017-11-15,0.097208634018898
RARE,2017-11-15,0.9454976320266724
ACOR,2017-11-15,0.9478643536567688
PFE,2017-11-16,0.9467598795890808
NKTR,2017-11-24,-0.744857907295227
PFE,2017-11-28,0.6090282201766968
LLY,2017-12-01,0.7808830738067627
VTRS,2017-12-01,0.9156727194786072
LLY,2017-12-08,0.9326106309890748
PFE,2017-12-11,0.8061395287513733
PFE,2017-12-13,0.9330063462257384
MRK,2017-12-14,-0.3169181942939758
PFE,2017-12-14,0.9307973980903624
ACRS,2017-12-15,0.6479029059410095
EXEL,2017-12-19,0.901877462863922
PFE,2017-12-19,0.9444659948349
PFE,2017-12-20,0.9471083283424376
MRK,2017-12-20,0.0842655301094055
BMY,2017-12-20,0.8786647319793701
INVA,2017-12-21,0.8815176486968994
BHC,2017-12-22,0.9216254353523254
AMGN,2018-01-05,0.898220419883728
MRK,2018-01-12,0.9484214186668396
EIGR,2018-01-16,0.0617750436067581
AMGN,2018-01-17,0.9471445083618164
LGND,2018-01-17,-0.125748336315155
SAGE,2018-01-31,0.8495957851409912
JNJ,2018-02-08,0.0288114473223686
JNJ,2018-02-08,0.9388223886489868
JNJ,2018-02-14,0.8545196056365967
ZVRA,2018-02-23,0.9469395875930786
BIIB,2018-03-01,0.9293785691261292
SVRA,2018-03-11,0.5488594770431519
LLY,2018-03-26,0.9381273984909058
MNOV,2018-04-02,0.8775349855422974
RIGL,2018-04-03,0.8979479074478149
SGEN,2018-04-04,0.9469649195671082
INCY,2018-04-06,-0.5523847937583923
PCRX,2018-04-06,0.425989419221878
MRK,2018-04-06,0.9182279706001282
PFE,2018-04-10,0.9314348697662354
CLDX,2018-04-16,-0.1721459180116653
RARE,2018-04-17,0.9492823481559752
RIGL,2018-04-17,-0.2281877398490905
NVCR,2018-04-17,0.269449234008789
PRTA,2018-04-23,0.9057693481445312
JNJ,2018-05-07,-0.7902976274490356
BHC,2018-05-07,0.9471523761749268
EXEL,2018-05-10,0.8779556751251221
AMGN,2018-05-17,0.8696215152740479
JNJ,2018-05-18,0.8514267802238464
AMGN,2018-05-21,0.4230022132396698
BMRN,2018-05-24,0.9390447735786438
ABIO,2018-05-27,0.1943578124046325
GILD,2018-05-30,0.9436140060424804
PFE,2018-05-30,0.9295823574066162
TXMD,2018-05-30,0.9464991688728333
MEIP,2018-05-31,0.5268900990486145
LLY,2018-06-01,0.9404267072677612
INCY,2018-06-01,0.946707248687744
AGIO,2018-06-01,0.9427645802497864
MEIP,2018-06-04,0.5725862979888916
AGEN,2018-06-04,0.7557421326637268
VTRS,2018-06-04,0.946519374847412
MRK,2018-06-05,0.9039815068244934
LLY,2018-06-05,-0.1406085193157196
ABBV,2018-06-11,0.9115886688232422
LGND,2018-06-11,0.922751486301422
LLY,2018-06-11,0.9490026831626892
AMGN,2018-06-11,0.922751486301422
MRK,2018-06-12,0.9479520320892334
PLUR,2018-06-12,-0.7445129156112671
MRK,2018-06-13,0.929040789604187
TEVA,2018-06-15,0.9418336749076844
TGTX,2018-06-18,0.682889461517334
HRTX,2018-06-21,0.6701394319534302
MACK,2018-06-25,-0.8638083934783936
PFE,2018-06-27,0.94279545545578
SMMT,2018-06-27,0.8127490878105164
LLY,2018-06-29,0.2274268865585327
TTNP,2018-07-02,-0.011301539838314
ALKS,2018-07-02,0.9277089834213256
JNJ,2018-07-11,0.9427226781845092
ABBV,2018-07-11,0.9435949325561525
BMY,2018-07-11,0.9310649633407592
PFE,2018-07-13,-0.7193629741668701
PULM,2018-07-17,-0.2680010497570038
JNJ,2018-07-18,0.7792165875434875
AGIO,2018-07-20,0.9177946448326112
ABBV,2018-07-24,-0.7902976274490356
NBIX,2018-07-24,0.219463050365448
TNXP,2018-07-27,-0.0436878874897956
DRRX,2018-07-27,-0.7427026033401489
LNTH,2018-07-30,-0.606142520904541
PTGX,2018-08-06,0.2742592990398407
BLPH,2018-08-07,-0.6393647193908691
ALNY,2018-08-10,-0.1672902256250381
FOLD,2018-08-10,-0.6344263553619385
REGN,2018-08-13,0.8735713958740234
BMY,2018-08-17,-0.0387788712978363
IONS,2018-08-27,0.2542937994003296
JNJ,2018-08-27,0.9441289901733398
ABBV,2018-08-27,0.9192100763320924
INVA,2018-08-27,0.4181053042411804
AQST,2018-08-31,0.046584166586399
GILD,2018-09-05,0.9460582733154296
LNTH,2018-09-12,0.929662823677063
ATOS,2018-09-13,0.8963996767997742
TEVA,2018-09-14,-0.054541278630495
SNDX,2018-09-24,-0.7183391451835632
FBIO,2018-09-25,0.7992883920669556
CKPT,2018-09-25,0.9083001017570496
GERN,2018-09-27,0.8500486612319946
INSM,2018-09-28,-0.4313004314899444
PFE,2018-09-28,0.9487191438674928
LLY,2018-09-28,0.9443725943565368
REGN,2018-09-28,-0.5724735260009766
BIIB,2018-09-30,0.4615126550197601
AMGN,2018-10-01,0.9403278827667236
HALO,2018-10-01,0.8844975829124451
LGND,2018-10-01,-0.3446094989776611
CYTK,2018-10-05,0.2656465768814087
IONS,2018-10-05,-0.10451140999794
BHC,2018-10-08,0.9379095435142516
XNCR,2018-10-08,0.5459240078926086
MRK,2018-10-09,0.9332188963890076
BMY,2018-10-12,0.7596660256385803
EYPT,2018-10-15,0.8517170548439026
ALIM,2018-10-15,0.9168002605438232
PFE,2018-10-16,0.9367403984069824
EIGR,2018-10-16,0.1030289158225059
EIGR,2018-10-16,-0.8074124455451965
MACK,2018-10-19,-0.7879724502563477
BIIB,2018-10-23,-0.8005658984184265
RARE,2018-10-26,-0.163163349032402
JAZZ,2018-10-26,0.6836197376251221
TXMD,2018-10-29,0.9458423852920532
MRK,2018-10-30,0.9447516202926636
JNJ,2018-10-30,0.9446110725402832
BMY,2018-11-06,0.7807000875473022
MACK,2018-11-07,0.9294351935386658
CDXS,2018-11-08,-0.6438133120536804
TBPH,2018-11-09,-0.4462443590164184
MRK,2018-11-09,0.7973563075065613
APVO,2018-11-14,-0.2406202554702758
AQST,2018-11-16,0.9242255687713624
SGEN,2018-11-16,0.9424521327018738
EBS,2018-11-19,0.9368996024131776
PFE,2018-11-21,0.9286210536956788
ABBV,2018-11-21,0.9447595477104188
BMY,2018-11-26,0.8266759514808655
LLY,2018-11-26,0.9453047513961792
CPRX,2018-11-28,0.9460013508796692
TEVA,2018-11-28,0.6512605547904968
OCUL,2018-12-03,-0.6082156300544739
NBIX,2018-12-12,-0.0935621857643127
AMGN,2018-12-14,0.9474025964736938
SUPN,2018-12-14,0.8611186742782593
TEVA,2018-12-14,-0.7795443534851074
LLY,2018-12-17,0.9311980605125428
MRK,2018-12-19,0.9475111365318298
MRK,2018-12-19,0.9440582394599916
PFE,2018-12-21,0.933613896369934
BMY,2019-01-02,0.7745760083198547
SAGE,2019-01-07,0.9457600712776184
EXEL,2019-01-14,0.8430545330047607
ABBV,2019-01-28,0.941973090171814
OPK,2019-02-01,-0.6613799333572388
EOLS,2019-02-01,0.813159704208374
GILD,2019-02-11,-0.2406070977449417
LSTA,2019-02-13,-0.0860405713319778
MRK,2019-02-19,0.945991575717926
LLY,2019-02-19,0.9475618004798888
MRK,2019-02-19,0.9429680705070496
PFE,2019-02-19,0.9476147294044496
BHC,2019-02-25,0.9455982446670532
HRTX,2019-02-26,-0.0110454410314559
JNJ,2019-02-27,0.934838593006134
NVAX,2019-02-28,-0.4001365005970001
HALO,2019-02-28,0.9494948387145996
NKTR,2019-03-01,0.8779556751251221
JNJ,2019-03-05,0.9432762861251832
SNDX,2019-03-07,0.4486926794052124
SNDX,2019-03-07,0.904560685157776
BMY,2019-03-08,0.9485766291618348
REGN,2019-03-11,0.9295759201049804
PFE,2019-03-15,0.761349081993103
SAGE,2019-03-19,-0.0707744657993316
ALT,2019-03-19,-0.698358952999115
LGND,2019-03-19,0.9504963159561156
JAZZ,2019-03-20,-0.6515831351280212
BIIB,2019-03-21,0.5122833847999573
OPK,2019-03-21,0.4603566527366638
PFE,2019-04-04,0.9201796054840088
UTHR,2019-04-08,0.611811637878418
AMGN,2019-04-09,0.2089214622974395
MRK,2019-04-11,-0.048959881067276
JNJ,2019-04-12,0.6458261013031006
AXSM,2019-04-15,-0.486104667186737
MBIO,2019-04-17,0.3237346410751343
FBIO,2019-04-17,0.9223697185516356
PFE,2019-04-22,0.9352357387542723
MRK,2019-04-22,-0.3007260859012604
ABBV,2019-04-23,0.9406190514564514
GILD,2019-04-25,-0.7840171456336975
BHC,2019-04-25,0.9359055161476136
MRK,2019-04-25,0.9426462054252625
REGN,2019-04-26,0.91098815202713
VRTX,2019-04-30,0.9348610043525696
AGIO,2019-05-02,0.9310649633407592
PFE,2019-05-06,0.9471083283424376
PFE,2019-05-06,0.9471083283424376
PFE,2019-05-06,0.9471083283424376
PFE,2019-05-06,0.9510200023651124
CMRX,2019-05-09,-0.2049209326505661
REGN,2019-05-13,-0.1726496219635009
LLY,2019-05-13,0.0839733779430389
PFE,2019-05-14,0.9291159510612488
ABBV,2019-05-15,0.9012996554374696
ABBV,2019-05-17,0.9397227168083192
MRK,2019-05-20,0.9363622069358826
OCUL,2019-05-20,0.282240480184555
INCY,2019-05-24,0.7537298798561096
BMY,2019-05-28,0.8273744583129883
CLDX,2019-06-01,-0.2443628758192062
MRK,2019-06-03,0.9474291801452636
LLY,2019-06-04,-0.0184563100337982
INVA,2019-06-06,0.9307782649993896
SGEN,2019-06-10,0.913729965686798
MRK,2019-06-11,0.78749018907547
AMGN,2019-06-13,0.9344982504844666
VBIV,2019-06-17,-0.0084484815597534
IRWD,2019-06-18,-0.4045150876045227
EXEL,2019-06-20,0.936275839805603
ABBV,2019-06-21,0.9477369785308838
VRTX,2019-06-21,0.9390350580215454
OCUL,2019-06-21,0.9462605118751526
NERV,2019-06-24,-0.7457373738288879
BMY,2019-06-24,-0.7646377086639404
ACER,2019-06-25,0.948367476463318
ALDX,2019-06-25,-0.0921649187803268
TMBR,2019-06-25,0.4347549676895141
ZVRA,2019-06-25,0.948367476463318
REGN,2019-06-26,0.219392254948616
VRCA,2019-06-26,0.8749155402183533
ATOS,2019-06-27,0.8110340237617493
TVTX,2019-06-28,0.7060734629631042
JNJ,2019-06-28,0.9180930256843568
PFE,2019-06-28,0.947098672389984
PFE,2019-06-28,-0.8221238851547241
KPTI,2019-07-03,0.133839726448059
ITCI,2019-07-08,0.8368988633155823
ITCI,2019-07-08,-0.7996232509613037
AMGN,2019-07-11,-0.4249917566776275
MRK,2019-07-17,0.9468080401420592
MRKR,2019-07-19,0.8451082706451416
PFE,2019-07-19,-0.6581321358680725
BHVN,2019-07-19,-0.6581321358680725
AMGN,2019-07-19,0.9415427446365356
ACAD,2019-07-22,-0.2804846167564392
PFE,2019-07-23,0.5765505433082581
LGND,2019-07-23,0.9457600712776184
MRNS,2019-07-23,0.2641119956970215
SAGE,2019-07-24,0.9337834119796752
LLY,2019-07-24,0.9370760321617126
JNJ,2019-07-26,0.9217487573623656
ALKS,2019-07-30,0.840997576713562
MRK,2019-07-31,0.9052721858024596
PFE,2019-08-02,0.9493844509124756
GLYC,2019-08-02,-0.1456348747014999
LGND,2019-08-05,0.8971476554870605
VRNA,2019-08-05,0.434335708618164
LLY,2019-08-05,0.4394585192203522
LPTX,2019-08-06,0.809040367603302
ABBV,2019-08-16,0.8569238185882568
BMY,2019-08-16,0.9473869800567628
VNDA,2019-08-19,0.9172534942626952
TVTX,2019-08-22,0.9271436333656312
LLY,2019-08-26,0.907133162021637
ESPR,2019-08-28,0.9472151398658752
BIIB,2019-08-31,0.9332204461097716
ARDX,2019-09-03,0.9446796774864196
ARDS,2019-09-03,-0.0937846824526786
ABBV,2019-09-03,0.6821532845497131
XERS,2019-09-10,0.0007520020008087
ARDX,2019-09-12,-0.1609233766794204
BIIB,2019-09-13,-0.7847510576248169
BIIB,2019-09-13,-0.7939954996109009
BIIB,2019-09-13,-0.7939954996109009
BIIB,2019-09-13,-0.7939954996109009
MRK,2019-09-16,0.9476388692855836
MRK,2019-09-17,0.9497384428977966
JNJ,2019-09-18,0.9487532377243042
HRMY,2019-09-18,0.7440112233161926
MRK,2019-09-20,0.9029345512390136
JNJ,2019-09-26,0.930974781513214
LGND,2019-09-26,-0.5025143623352051
MRNS,2019-09-26,-0.5025143623352051
AGIO,2019-09-30,-0.0456686317920684
JNJ,2019-09-30,0.1561506986618042
GILD,2019-10-03,-0.4087139070034027
LGND,2019-10-07,0.0768420696258544
LLY,2019-10-11,0.9452325701713562
JNJ,2019-10-14,0.4256901741027832
LLY,2019-10-16,-0.1153773069381713
AMGN,2019-10-18,0.947518825531006
JNJ,2019-10-21,0.945297122001648
VRTX,2019-10-21,0.9450368881225586
ETON,2019-10-22,0.947567880153656
GILD,2019-10-24,0.6633211374282837
ABBV,2019-10-24,0.9434534311294556
GILD,2019-10-24,0.9150502681732178
ACRS,2019-10-24,-0.1012158989906311
CYCN,2019-10-30,0.2753413915634155
ALKS,2019-10-30,0.2407151311635971
BIIB,2019-10-30,-0.6191909313201904
HALO,2019-11-04,0.9051045179367064
INO,2019-11-05,0.3090635538101196
SUPN,2019-11-05,0.941901683807373
IBRX,2019-11-07,0.7906743288040161
MRK,2019-11-08,0.9379059076309204
PFE,2019-11-08,0.0468041002750396
BMY,2019-11-08,0.9310649633407592
BMY,2019-11-09,0.9192281365394592
PIRS,2019-11-09,0.7856331467628479
NKTR,2019-11-09,0.5021686553955078
EIGR,2019-11-12,-0.8018687963485718
BGNE,2019-11-14,0.8484479784965515
PFE,2019-11-18,0.9454976320266724
ALNY,2019-11-20,0.8954224586486816
XERS,2019-11-21,0.948951005935669
EBS,2019-11-22,0.8991358280181885
AQST,2019-11-23,0.8010392189025879
ACAD,2019-11-25,-0.6411612629890442
INVA,2019-11-25,0.9477898478507996
BIIB,2019-12-03,-0.3184201121330261
CARA,2019-12-03,0.8305618166923523
AXSM,2019-12-03,0.5226574540138245
SAGE,2019-12-05,-0.428246796131134
AMGN,2019-12-06,0.7234676480293274
BMY,2019-12-09,0.947579026222229
MRK,2019-12-09,0.9473869800567628
SRPT,2019-12-12,0.911350965499878
LLY,2019-12-13,0.9463962316513062
AVDL,2019-12-16,0.8001712560653687
GILD,2019-12-16,-0.3900175988674164
NERV,2019-12-18,-0.0432062745094299
SGEN,2019-12-18,0.9068630337715148
BHC,2019-12-19,0.9473549127578736
ITCI,2019-12-23,0.2042904049158096
ABBV,2019-12-23,0.94452303647995
MRK,2019-12-30,0.7251191139221191
INCY,2020-01-02,0.9481642246246338
DRRX,2020-01-02,0.946679949760437
MRK,2020-01-06,0.8948727250099182
MRK,2020-01-08,0.476073682308197
BPMC,2020-01-09,0.9478476643562316
REGN,2020-01-09,0.2024951875209808
VERU,2020-01-13,0.5773179531097412
ELOX,2020-01-14,0.6995317339897156
BGNE,2020-01-21,0.9453169703483582
AMGN,2020-01-21,0.6523087024688721
MRK,2020-01-27,0.9484525918960572
LLY,2020-01-27,0.3051933646202087
UTHR,2020-02-03,0.9480332732200624
LNTH,2020-02-03,-0.3746416568756103
PFE,2020-02-10,-0.6963936686515808
BHVN,2020-02-10,0.6090282201766968
LLY,2020-02-10,0.9475005269050598
MRTX,2020-02-15,0.8568346500396729
TEVA,2020-02-19,0.94556725025177
LLY,2020-02-21,0.916783332824707
ESPR,2020-02-21,0.8037534356117249
SUPN,2020-02-25,0.947345495223999
ESPR,2020-02-26,0.9410365223884584
PBYI,2020-02-26,0.0605445280671119
PFE,2020-02-27,0.9424676299095154
BMY,2020-03-09,0.9030866622924804
TCON,2020-03-09,0.769925057888031
MRK,2020-03-09,0.1687033921480178
BMY,2020-03-11,0.946705400943756
SVRA,2020-03-12,-0.7259544134140015
PFE,2020-03-13,0.9417949914932252
GILD,2020-03-19,0.9455405473709106
LLY,2020-03-20,0.942825734615326
NVAX,2020-03-24,0.9310576915740968
BMY,2020-03-25,0.4765516817569732
RMTI,2020-03-27,0.914392113685608
IGXT,2020-03-27,0.9406190514564514
BIIB,2020-03-30,0.8930551409721375
IMVT,2020-03-30,0.778539776802063
LLY,2020-03-30,0.9481672644615172
CTMX,2020-03-30,0.7064907550811768
BHC,2020-03-31,0.9287227988243104
MRK,2020-04-03,0.7799755334854126
BMY,2020-04-03,0.9448652267456056
PFE,2020-04-08,0.9328780174255372
MRK,2020-04-13,0.9481405019760132
URGN,2020-04-15,-0.4980347156524658
INCY,2020-04-17,-0.7637001276016235
SGEN,2020-04-17,0.947282075881958
JNJ,2020-04-21,0.9411671161651612
ABBV,2020-04-21,0.8617268800735474
BIIB,2020-04-22,-0.6882883310317993
GILD,2020-04-22,-0.7738568782806396
KNSA,2020-04-22,0.9488008618354796
REGN,2020-04-27,0.8761029243469238
NBIX,2020-04-27,-0.5418546199798584
VCNX,2020-04-27,0.3097591400146484
UTHR,2020-04-28,-0.0874314755201339
BPMC,2020-04-28,0.0009067915380001
ZLAB,2020-04-29,0.854990541934967
AMGN,2020-04-30,0.9477165937423706
HALO,2020-05-01,0.9459839463233948
JNJ,2020-05-01,0.6174249053001404
SUPN,2020-05-05,-0.8172751665115356
INCY,2020-05-06,-0.1352898180484771
ENTA,2020-05-06,-0.5932087898254395
MRK,2020-05-08,0.8524126410484314
LLY,2020-05-08,0.9471827149391174
KNSA,2020-05-11,0.53461754322052
BMY,2020-05-15,0.9470091462135316
BMY,2020-05-15,-0.8172751665115356
BPMC,2020-05-15,0.2242570668458938
MRK,2020-05-19,-0.7637001276016235
GILD,2020-05-20,0.9485794305801392
AQST,2020-05-21,0.9386601448059082
SNDX,2020-05-21,0.8157907724380493
XERS,2020-05-22,-0.7424042820930481
EVFM,2020-05-22,0.6506827473640442
REGN,2020-05-26,0.9443911910057068
BMY,2020-05-26,0.9487566351890564
IRWD,2020-05-27,0.9329735040664672
LLY,2020-05-28,-0.7968114614486694
CRVS,2020-05-29,0.909397542476654
PFE,2020-05-29,0.5675141215324402
KURA,2020-05-29,0.8357522487640381
LLY,2020-05-29,0.9477018117904664
VYNE,2020-05-29,-0.045096069574356
ABBV,2020-05-29,0.939849853515625
NBIX,2020-05-29,-0.5984340906143188
LLY,2020-06-01,0.0353979393839836
OCGN,2020-06-01,0.2781893908977508
ITRM,2020-06-01,-0.6517180800437927
VYNE,2020-06-02,0.9461807012557985
MRK,2020-06-04,0.8713881969451904
BLUE,2020-06-11,0.886383056640625
AMGN,2020-06-11,0.9459839463233948
BGNE,2020-06-12,0.9040429592132568
MRK,2020-06-12,0.9504963159561156
ABBV,2020-06-15,0.938026249408722
XERS,2020-06-15,0.7610465288162231
JAZZ,2020-06-15,0.899360179901123
ORMP,2020-06-15,0.8014302253723145
JNJ,2020-06-15,0.9485793113708496
LLY,2020-06-15,-0.1235486790537834
MRK,2020-06-17,0.8989142179489136
RARE,2020-06-18,0.9005786776542664
XERS,2020-06-18,0.9296789169311525
KPTI,2020-06-22,-0.0395268350839614
BHVN,2020-06-24,-0.7193629741668701
PFE,2020-06-24,0.4970663189888
MRK,2020-06-24,0.7345349788665771
ABBV,2020-06-26,0.949033796787262
HALO,2020-06-29,0.9385154843330384
MRK,2020-06-29,-0.49997478723526
ITCI,2020-06-29,0.94588303565979
PFE,2020-06-30,0.944428563117981
RARE,2020-06-30,0.7840557098388672
RVNC,2020-06-30,0.815670907497406
RVNC,2020-06-30,0.2873845100402832
REGN,2020-07-02,0.0124444589018821
PFE,2020-07-02,0.5122333765029907
MRK,2020-07-08,-0.617181658744812
CYDY,2020-07-13,0.8983197212219238
JNJ,2020-07-14,0.8747218251228333
LLY,2020-07-17,0.9321088194847108
JAZZ,2020-07-22,0.8657469749450684
GILD,2020-07-24,0.8808571100234985
EXEL,2020-07-30,0.8938226103782654
INCY,2020-07-31,0.9125598669052124
XNCR,2020-07-31,0.6839227676391602
JAZZ,2020-08-03,-0.7654424905776978
JNJ,2020-08-03,0.0243730247020721
DBVT,2020-08-04,0.925927460193634
TEVA,2020-08-05,0.947721302509308
REGN,2020-08-05,0.9475005269050598
SGEN,2020-08-05,0.1557424068450927
RGNX,2020-08-06,0.8015345335006714
PTCT,2020-08-07,0.4282220602035522
TRVN,2020-08-07,0.847932755947113
EGRX,2020-08-10,0.9164202213287354
CPRX,2020-08-10,0.9455663561820984
VTRS,2020-08-17,0.9309328198432922
UBX,2020-08-17,0.8407222032546997
VNDA,2020-08-18,0.8807348012924194
JNJ,2020-08-20,0.9468841552734376
IMVT,2020-08-25,0.037711277604103
URGN,2020-08-27,0.2205709517002105
ACST,2020-08-31,0.5267566442489624
REGN,2020-09-01,-0.6059123277664185
BMY,2020-09-01,0.9339090585708618
SVRA,2020-09-03,-0.3774146735668182
BPMC,2020-09-04,0.94755619764328
CRBP,2020-09-08,-0.4235881567001343
TBPH,2020-09-09,0.8789558410644531
BGNE,2020-09-17,0.8887981176376343
BGNE,2020-09-17,0.864680290222168
MRTX,2020-09-18,0.4268487393856048
INCY,2020-09-18,0.9326175451278688
BHC,2020-09-25,0.9457592964172364
PFE,2020-09-28,-0.567908763885498
IRWD,2020-09-29,0.9397227168083192
ETON,2020-09-29,0.9429960250854492
SELB,2020-09-30,0.1042776852846145
ALNY,2020-09-30,0.8532978892326355
OVID,2020-09-30,-0.5167936086654663
TOVX,2020-10-02,0.0130291134119033
BMY,2020-10-02,0.9295823574066162
BMY,2020-10-02,0.8973711729049683
MGTX,2020-10-03,-0.2655908167362213
KNSA,2020-10-06,-0.0861638039350509
SIOX,2020-10-06,0.7106197476387024
PFE,2020-10-09,0.6746698617935181
GOSS,2020-10-13,-0.3678124248981476
CYCN,2020-10-14,0.9122519493103028
HRMY,2020-10-14,-0.3196612894535064
REGN,2020-10-14,0.9463698863983154
VRTX,2020-10-14,0.8578324317932129
GILD,2020-10-15,-0.719527006149292
MRK,2020-10-15,0.4662900567054748
ABBV,2020-10-16,0.9441742300987244
APTX,2020-10-19,0.5764564871788025
BIIB,2020-10-21,0.941592276096344
SCNI,2020-10-23,-0.4764039814472198
LLY,2020-10-26,0.8173913955688477
BMY,2020-11-03,0.9256560802459716
TBPH,2020-11-05,0.9477898478507996
MRK,2020-11-09,0.9077574014663696
RVNC,2020-11-09,0.9432212710380554
LLY,2020-11-09,0.2170993834733963
ABCL,2020-11-09,0.2170993834733963
PFE,2020-11-09,-0.3673431277275085
VRCA,2020-11-10,-0.0996354222297668
JAZZ,2020-11-12,0.946070432662964
ETON,2020-11-12,0.6554776430130005
EIGR,2020-11-20,0.7868149876594543
VTRS,2020-11-23,0.9312621355056764
ALNY,2020-11-24,-0.4138290286064148
YMAB,2020-11-25,0.0371170938014984
RYTM,2020-11-27,0.8977616429328918
BPMC,2020-12-01,0.9473162889480592
VNDA,2020-12-01,0.8628656268119812
JAZZ,2020-12-03,0.9490026831626892
BCRX,2020-12-03,-0.3436839878559112
FATE,2020-12-04,0.6985225677490234
SYRS,2020-12-05,0.8007974624633789
GMDA,2020-12-06,0.9408703446388244
INCY,2020-12-07,0.8157907724380493
SCPH,2020-12-07,0.3812954425811767
LPCN,2020-12-08,0.0427067279815673
EVLO,2020-12-09,-0.0305435955524444
PLUR,2020-12-09,0.8688339591026306
RCUS,2020-12-09,-0.2406070977449417
LLY,2020-12-09,0.9481513500213624
SVRA,2020-12-10,0.3000891208648681
AKTX,2020-12-11,0.8613287210464478
INCY,2020-12-14,0.9465650916099548
VTVT,2020-12-15,0.137573629617691
AMGN,2020-12-17,0.9464285373687744
RVNC,2020-12-17,-0.3455471098423004
KPTI,2020-12-18,0.8702679872512817
TNXP,2020-12-21,-0.2445734292268753
VRTX,2020-12-21,0.9420576691627502
AMGN,2020-12-22,0.8755166530609131
SNGX,2020-12-22,0.0031901523470878
NBIX,2020-12-22,-0.4623342752456665
BMY,2020-12-23,0.9159504771232604
CALA,2021-01-04,-0.7253445982933044
INO,2021-01-06,0.8386744260787964
CPRX,2021-01-06,0.9166913032531738
PFE,2021-01-14,0.9451764822006226
JNJ,2021-01-15,0.8514267802238464
BHVN,2021-01-18,0.9479684829711914
PFE,2021-01-18,0.9415772557258606
ACRS,2021-01-19,-0.5049029588699341
MRK,2021-01-20,0.5566514730453491
PFE,2021-01-21,0.9469539523124696
AUPH,2021-01-22,-0.0883110463619232
MTNB,2021-02-01,0.7974010705947876
AMGN,2021-02-02,0.0845115184783935
IMVT,2021-02-02,0.450873851776123
DRRX,2021-02-02,-0.0353430025279521
BIIB,2021-02-03,-0.0400809049606323
TGTX,2021-02-05,0.9479211568832396
TGTX,2021-02-05,0.7601758241653442
BMY,2021-02-05,0.9448208808898926
SPRO,2021-02-05,0.487405002117157
AGEN,2021-02-09,0.2069769203662872
REGN,2021-02-09,0.9330896735191344
ABBV,2021-02-10,0.9143932461738586
CRDF,2021-02-11,0.1981636881828308
REGN,2021-02-11,0.9396862983703612
GTHX,2021-02-12,0.8109713196754456
PFE,2021-02-12,0.9395153522491456
ABEO,2021-02-12,0.8053538799285889
ABEO,2021-02-12,0.8510340452194214
BLUE,2021-02-16,0.9482496976852416
IMUX,2021-02-18,0.8484329581260681
REGN,2021-02-22,-0.0462216734886169
RVNC,2021-02-22,-0.0218754708766937
SRPT,2021-02-25,0.9444085955619812
GKOS,2021-02-25,0.4433942139148712
SWTX,2021-02-25,0.6323494911193848
BBIO,2021-02-26,0.90064537525177
MRK,2021-03-01,0.5294256806373596
NBIX,2021-03-02,0.9380216002464294
PFE,2021-03-02,0.7145573496818542
VIR,2021-03-03,-0.3697319328784942
PFE,2021-03-03,0.7433796525001526
APLS,2021-03-04,0.8301175236701965
DRRX,2021-03-04,-0.0433977022767066
GILD,2021-03-05,-0.8156719207763672
ANAB,2021-03-08,0.609545111656189
MRNS,2021-03-09,-0.8046802282333374
BLUE,2021-03-14,0.9437922239303588
REGN,2021-03-15,0.944938600063324
KNSA,2021-03-18,-0.0051149353384971
LPTX,2021-03-22,0.0324362218379974
IONS,2021-03-22,0.7655305862426758
MRK,2021-03-23,0.9441066384315492
BCLI,2021-03-24,0.8889493346214294
BLUE,2021-03-26,0.8785670399665833
BMY,2021-03-26,0.9470950365066528
WVE,2021-03-29,-0.6199274063110352
WVE,2021-03-29,0.6393972635269165
JAZZ,2021-03-30,0.947473168373108
BTAI,2021-03-31,0.7927788496017456
UTHR,2021-04-01,0.9120713472366332
REGN,2021-04-01,0.9478512406349182
SUPN,2021-04-02,0.5596907734870911
BMY,2021-04-05,0.8794926404953003
MTEM,2021-04-05,-0.136932760477066
LLY,2021-04-08,0.9466717839241028
INCY,2021-04-08,0.8678928017616272
BGNE,2021-04-12,0.1497323513031005
SAGE,2021-04-12,0.2635499835014343
BIIB,2021-04-12,-0.7986972332000732
GILD,2021-04-13,0.105355367064476
BHC,2021-04-13,0.9284838438034058
RIGL,2021-04-13,0.9476586580276488
MRK,2021-04-14,0.933098077774048
BMY,2021-04-16,0.8978756666183472
OVID,2021-04-19,0.8413391709327698
FRTX,2021-04-23,0.8863009810447693
VRNA,2021-04-23,-0.6649612784385681
SRPT,2021-05-03,0.9470083713531494
ARQT,2021-05-04,0.9132800698280334
MRK,2021-05-05,0.0046866536140441
FATE,2021-05-05,0.5534583330154419
BIIB,2021-05-12,-0.291182279586792
APLS,2021-05-14,0.4788796007633209
INCY,2021-05-19,0.9451014399528505
MRK,2021-05-19,0.9431807398796082
MRK,2021-05-20,0.8979644775390625
IBRX,2021-05-20,0.3641137480735779
BMY,2021-05-20,0.6996448040008545
NGM,2021-05-24,0.6693359017372131
PCRX,2021-05-26,0.8277298808097839
PFE,2021-05-26,0.92153000831604
LNTH,2021-05-27,0.946800947189331
PFE,2021-05-27,0.9336854815483092
BMY,2021-05-27,0.3026006519794464
BHVN,2021-05-27,0.5122333765029907
AMGN,2021-05-28,0.9479568004608154
ALKS,2021-06-01,0.946607232093811
BBIO,2021-06-01,0.918409824371338
SCYX,2021-06-02,0.9424944519996644
BGNE,2021-06-04,0.3962312042713165
CMRX,2021-06-04,-0.4399177432060241
CMRX,2021-06-04,0.6630412340164185
BIIB,2021-06-07,-0.7939954996109009
PFE,2021-06-08,0.9430387616157532
VRTX,2021-06-09,0.8103468418121338
VRTX,2021-06-10,0.6157159209251404
VRTX,2021-06-11,0.523431658744812
CRSP,2021-06-11,0.7016555666923523
BMY,2021-06-11,0.854990541934967
PTCT,2021-06-11,0.3545423746109009
MRK,2021-06-11,-0.4338398873806
BIIB,2021-06-14,-0.7807002067565918
ETON,2021-06-15,0.9468294382095336
BIIB,2021-06-16,0.9487392902374268
ZVRA,2021-06-18,0.6460497975349426
CORT,2021-06-22,0.8764293789863586
CRBP,2021-06-24,-0.5297011733055115
ELTX,2021-06-29,-0.3475199937820434
VCEL,2021-06-29,0.9443446397781372
JAZZ,2021-06-30,0.5187763571739197
ARQT,2021-07-01,0.8532378673553467
KRYS,2021-07-01,0.9115886688232422
NVCR,2021-07-01,0.799897313117981
ARWR,2021-07-02,0.7260019183158875
OCGN,2021-07-02,-0.2703534364700317
MRK,2021-07-06,0.947399377822876
LLY,2021-07-09,0.9505088329315186
HALO,2021-07-12,0.947843372821808
JNJ,2021-07-12,0.947843372821808
SCPH,2021-07-13,0.6833097338676453
BMY,2021-07-16,-0.1813335120677948
LLY,2021-07-16,0.197414368391037
MRK,2021-07-16,0.2205709517002105
LGND,2021-07-16,0.2205709517002105
INCY,2021-07-16,0.8873370289802551
MRK,2021-07-22,0.6732453107833862
ABBV,2021-07-23,0.9493315815925598
INCY,2021-07-23,0.0277508497238159
ITRM,2021-07-26,-0.3967871069908142
MRK,2021-07-27,-0.6082156300544739
LLY,2021-07-28,0.8393102884292603
PFE,2021-07-28,0.2432872056961059
ABBV,2021-07-29,0.6261877417564392
INSM,2021-07-31,-0.0786691308021545
CLNN,2021-08-05,0.6537720561027527
MRNA,2021-08-05,0.8606725335121155
CLNN,2021-08-05,0.9151668548583984
MRSN,2021-08-06,-0.534129798412323
AXSM,2021-08-09,-0.5581405758857727
CWBR,2021-08-10,0.8168959021568298
MRK,2021-08-11,0.9340070486068726
MNOV,2021-08-12,0.7467260956764221
JAZZ,2021-08-12,-0.1373062431812286
RIGL,2021-08-13,0.1735921204090118
MRK,2021-08-13,0.9068630337715148
PFE,2021-08-13,0.4369893372058868
PRAX,2021-08-16,-0.6354073286056519
MRNS,2021-08-17,-0.125748336315155
ANAB,2021-08-17,0.648513913154602
LLY,2021-08-18,-0.6031339168548584
FWBI,2021-08-18,0.7424026131629944
BMY,2021-08-20,-0.307166188955307
TBPH,2021-08-23,0.9045663475990297
XERS,2021-08-23,-0.1025812625885009
FGEN,2021-08-25,0.2353525757789611
PFE,2021-08-30,0.938026249408722
MRK,2021-08-31,0.9201223254203796
JNJ,2021-08-31,0.947527289390564
BGNE,2021-09-01,0.7091919779777527
ADAP,2021-09-05,0.4624321162700653
AMGN,2021-09-05,0.946596384048462
BMRN,2021-09-06,0.9312081933021544
PLRX,2021-09-07,0.901582419872284
ZLAB,2021-09-07,0.3442531228065491
MGNX,2021-09-07,0.8310819864273071
GRTX,2021-09-08,-0.7444939017295837
CYTK,2021-09-12,0.0845115184783935
BGNE,2021-09-15,0.8084951043128967
CRNX,2021-09-15,0.9029845595359802
TBPH,2021-09-15,0.9317595958709716
JNJ,2021-09-16,-0.1189954578876495
EXEL,2021-09-16,-0.7703226804733276
BMY,2021-09-16,0.9488325715065002
BIIB,2021-09-16,0.8090474605560303
BMY,2021-09-16,-0.7496122121810913
ZYME,2021-09-16,0.8370262384414673
MGNX,2021-09-16,-0.0697739422321319
NGM,2021-09-16,-0.3721814751625061
MGNX,2021-09-16,-0.1571327596902847
GRTS,2021-09-17,0.8975862860679626
AGEN,2021-09-17,0.9348610043525696
PFE,2021-09-17,0.9452325701713562
CHRS,2021-09-17,0.0286023691296577
MRK,2021-09-19,0.9497119188308716
REGN,2021-09-19,0.94820237159729
BIIB,2021-09-20,0.9419229030609132
TGTX,2021-09-20,0.6302359104156494
TGTX,2021-09-20,0.8824527263641357
SGEN,2021-09-20,0.9278783798217772
MRTX,2021-09-20,0.9487223625183104
EXEL,2021-09-20,-0.3014556467533111
JNJ,2021-09-21,0.914214849472046
INCY,2021-09-21,0.907133162021637
PCRX,2021-09-21,0.9310137629508972
DVAX,2021-09-22,-0.2315454483032226
INCY,2021-09-22,0.4639427959918976
RYTM,2021-09-22,0.8485987782478333
SAVA,2021-09-22,0.4446406662464142
AMGN,2021-09-24,0.9273695945739746
CADL,2021-09-25,0.8879117965698242
BHVN,2021-09-27,0.9492020606994628
PFE,2021-09-27,0.9366543889045716
PFE,2021-09-28,0.9251229166984558
ABBV,2021-09-28,0.9436927437782288
LLY,2021-09-28,0.8766586184501648
IVVD,2021-09-29,-0.075900599360466
PFE,2021-09-29,0.6593742966651917
ARQT,2021-09-30,0.8256240487098694
ABBV,2021-09-30,0.9447790384292604
TGTX,2021-09-30,0.9479211568832396
ARQT,2021-09-30,-0.7823716402053833
NERV,2021-09-30,-0.1744028031826019
REGN,2021-09-30,0.9478219151496888
PGEN,2021-10-01,-0.1796832978725433
GILD,2021-10-01,-0.4940211176872253
AMGN,2021-10-02,0.0759885162115097
LIAN,2021-10-04,0.9485766291618348
ENTA,2021-10-04,0.9306505918502808
DNLI,2021-10-06,0.8830706477165222
AMGN,2021-10-07,0.9461807012557985
ZLAB,2021-10-07,0.4626573026180267
FRTX,2021-10-07,0.8831269145011902
FRTX,2021-10-07,0.0350006818771362
TCON,2021-10-07,-0.7651064395904541
BMY,2021-10-07,0.9492020606994628
PRLD,2021-10-07,0.8200119137763977
BMY,2021-10-07,0.8779556751251221
HRMY,2021-10-08,0.9463074803352356
FDMT,2021-10-10,0.74153733253479
SRPT,2021-10-11,0.8716813921928406
SRPT,2021-10-11,0.8110240697860718
RGLS,2021-10-12,0.8066900968551636
OTLK,2021-10-12,0.3229894340038299
VTVT,2021-10-12,-0.4706506431102752
CRSP,2021-10-12,0.8103468418121338
BIIB,2021-10-13,-0.7764953374862671
MRK,2021-10-13,0.942077100276947
LGND,2021-10-13,-0.2406202554702758
VRNA,2021-10-13,0.7648831605911255
LLY,2021-10-13,0.7547283172607422
FBIO,2021-10-14,0.8919011950492859
GILD,2021-10-18,0.7820013761520386
VTRS,2021-10-18,0.9420583844184875
OMER,2021-10-18,0.9026819467544556
EDSA,2021-10-19,0.565955638885498
AVRO,2021-10-19,0.6553868055343628
AVRO,2021-10-19,0.718698263168335
JNJ,2021-10-20,0.9362245202064514
REGN,2021-10-20,0.945774257183075
BIIB,2021-10-20,0.72549968957901
UTHR,2021-10-21,-0.577139675617218
OCUL,2021-10-22,0.8354148864746094
AGEN,2021-10-22,0.8845741152763367
BMY,2021-10-23,0.9453839063644408
MRK,2021-10-25,0.9256114363670348
CLSD,2021-10-25,0.8498197793960571
BHC,2021-10-25,0.9364528059959412
ELTX,2021-10-26,-0.7234795093536377
MRK,2021-10-27,-0.0674434155225753
ABBV,2021-10-29,0.489284336566925
BMY,2021-11-03,0.93109530210495
GTHX,2021-11-03,0.9476147294044496
PTGX,2021-11-03,-0.4368066191673279
CYDY,2021-11-03,0.3699931502342224
DMAC,2021-11-04,-0.0001594424247741
ALNY,2021-11-05,0.9471079111099244
LQDA,2021-11-08,0.9274494647979736
ETON,2021-11-08,0.9468375444412231
BMY,2021-11-08,0.94327974319458
MRK,2021-11-09,0.9452677965164183
MRK,2021-11-09,0.6559534072875977
ALXO,2021-11-09,0.8057894110679626
STTK,2021-11-09,0.3260762989521026
ALXO,2021-11-09,0.78749018907547
RVNC,2021-11-09,0.9153833389282228
IOVA,2021-11-12,-0.126320868730545
TERN,2021-11-12,0.8115551471710205
ASMB,2021-11-12,0.5623204112052917
GTHX,2021-11-12,0.8976690769195557
NKTR,2021-11-12,-0.3807569146156311
NXTC,2021-11-13,0.3832728862762451
ALKS,2021-11-13,0.941592276096344
IONS,2021-11-13,-0.8416258692741394
ATAI,2021-11-15,-0.0434363335371017
ARWR,2021-11-15,0.7821158170700073
MRNA,2021-11-15,0.9421564340591432
ONCT,2021-11-15,-0.0817946195602417
PTGX,2021-11-15,-0.6941162943840027
BMY,2021-11-15,0.5593653321266174
ARWR,2021-11-15,0.8021311163902283
ELOX,2021-11-17,0.8279262185096741
TBPH,2021-11-17,0.946182668209076
ENTA,2021-11-18,0.9240214228630066
KTRA,2021-11-18,0.5122333765029907
MRK,2021-11-18,0.9467598795890808
BMRN,2021-11-19,0.9004213213920593
PBYI,2021-11-20,0.8772737979888916
ADAP,2021-11-21,0.1558391749858856
AADI,2021-11-23,-0.2143310904502868
IONS,2021-11-24,0.7514452934265137
PFE,2021-11-24,0.4394585192203522
SLS,2021-11-30,0.5030953884124756
IMGN,2021-11-30,0.8479467630386353
DCPH,2021-11-30,-0.81903475522995
DCPH,2021-11-30,0.8431008458137512
VBIV,2021-12-01,-0.4357427954673767
AMGN,2021-12-01,0.9453637599945068
HALO,2021-12-01,0.9468080401420592
LLY,2021-12-03,-0.5247103571891785
MRK,2021-12-03,0.6830778121948242
CHRS,2021-12-06,-0.0118937790393829
BLCM,2021-12-06,0.5475751161575317
BLCM,2021-12-06,-0.4435880780220032
OCUL,2021-12-06,0.9105371832847596
MRUS,2021-12-06,0.8192399144172668
INCY,2021-12-10,-0.5324845910072327
KPTI,2021-12-11,0.8899829983711243
NEXI,2021-12-12,0.7806746363639832
LLY,2021-12-12,0.9456183314323424
PTGX,2021-12-12,0.8218213319778442
ARVN,2021-12-13,0.8989133238792419
JAZZ,2021-12-13,0.8805312514305115
PFE,2021-12-13,0.154397502541542
GILD,2021-12-13,-0.7738568782806396
PBYI,2021-12-13,0.9336968660354614
APRE,2021-12-13,0.8651225566864014
AGIO,2021-12-13,0.9461475610733032
ABBV,2021-12-13,0.9165606498718262
ALLO,2021-12-13,0.8254480361938477
SGMO,2021-12-13,0.1739906817674636
XFOR,2021-12-13,0.587530791759491
ABBV,2021-12-13,0.9450829029083252
KURA,2021-12-13,0.6134714484214783
APRE,2021-12-14,0.8604597449302673
CNTA,2021-12-14,-0.1729421466588974
PFE,2021-12-14,0.9481219053268432
INO,2021-12-14,0.6797984838485718
BMY,2021-12-15,0.949730396270752
ABBV,2021-12-15,0.9461176991462708
EGRX,2021-12-15,0.3211215436458587
CGEM,2021-12-16,0.8386526703834534
ZLAB,2021-12-16,0.8761029243469238
MCRB,2021-12-16,0.876977801322937
ZLAB,2021-12-17,0.9040703773498536
BLPH,2021-12-17,-0.7849586009979248
AMGN,2021-12-17,-0.8622860312461853
CHRS,2021-12-20,0.7881974577903748
ALDX,2021-12-20,0.8903853297233582
CTMX,2021-12-20,-0.7905656099319458
AMGN,2021-12-20,0.9114177823066713
ITCI,2021-12-20,-0.2282415926456451
ANIP,2021-12-21,0.9307783842086792
ALLK,2021-12-21,0.8100520968437195
JAGX,2021-12-21,0.8184018135070801
PFE,2021-12-21,0.9426236748695374
ALNY,2021-12-22,0.9326175451278688
OPK,2021-12-23,0.9395153522491456
KNSA,2021-12-28,0.1635213196277618
FATE,2021-12-31,-0.7738568782806396
CYDY,2022-01-05,0.7955985069274902
RVMD,2022-01-11,0.8019799590110779
PFE,2022-01-12,-0.6539804339408875
ABBV,2022-01-14,-0.0712182074785232
ABBV,2022-01-14,0.938026249408722
PFE,2022-01-14,0.9395148754119872
MRK,2022-01-18,0.0044225677847862
EXEL,2022-01-18,0.9010884761810304
ABBV,2022-01-21,0.8869409561157227
GILD,2022-01-21,0.1899629831314087
AIM,2022-01-24,-0.039649061858654
MRK,2022-01-24,-0.4204567074775696
ARCT,2022-01-24,0.0961208045482635
INCY,2022-01-25,0.9062864184379578
LLY,2022-01-27,0.9214916825294496
MRNA,2022-01-31,-0.1613465398550033
PFE,2022-02-01,0.941175639629364
AVXL,2022-02-01,-0.054711177945137
ATHX,2022-02-02,0.17076076567173
VTRS,2022-02-03,0.947062849998474
VNDA,2022-02-04,0.9123837351799012
PFE,2022-02-08,0.5680050849914551
MRK,2022-02-08,-0.49997478723526
LLY,2022-02-11,-0.8282047510147095
VIR,2022-02-11,0.9424053430557252
FBIO,2022-02-15,0.1693270206451416
GILD,2022-02-16,0.8640668392181396
SAGE,2022-02-16,-0.7543792128562927
GILD,2022-02-16,0.9399013519287108
BIIB,2022-02-16,-0.376379132270813
AGIO,2022-02-17,0.6568661332130432
REGN,2022-02-18,0.9380216002464294
RLMD,2022-02-23,0.862026572227478
ABBV,2022-02-24,0.9452325701713562
LLY,2022-02-24,0.9299505352973938
BIIB,2022-02-25,-0.0361835286021232
PFE,2022-03-01,0.9460768699645996
GILD,2022-03-01,0.1260972470045089
BMY,2022-03-04,0.8103978037834167
AIM,2022-03-09,0.7893630862236023
MRK,2022-03-11,0.3235822916030884
EXEL,2022-03-14,0.88548344373703
BMY,2022-03-14,0.6008425354957581
NKTR,2022-03-14,0.9028549790382384
AMGN,2022-03-15,0.9135357141494752
MRK,2022-03-15,0.9462496042251588
SAGE,2022-03-15,0.0271627083420753
IDYA,2022-03-15,0.6597810983657837
PRTA,2022-03-16,0.6892362236976624
ABBV,2022-03-16,0.2174938023090362
BMY,2022-03-18,0.2319701910018921
PLX,2022-03-18,0.9196926355361938
MRK,2022-03-21,0.7892162799835205
MRNA,2022-03-23,0.9412084221839904
LLY,2022-03-24,0.9475111365318298
NVCR,2022-03-24,0.2600802183151245
ARQT,2022-03-25,0.4318459033966064
AMGN,2022-03-27,0.9446885585784912
ALZN,2022-03-28,0.893149733543396
BIIB,2022-03-28,0.9430166482925416
EVLO,2022-03-28,0.7735723853111267
CARA,2022-03-28,0.4829380512237549
IONS,2022-03-28,0.9419229030609132
HALO,2022-03-29,0.9453637599945068
ALDX,2022-03-29,0.7355575561523438
PFE,2022-03-29,0.9467332363128662
PFE,2022-03-29,0.9300543665885924
LPCN,2022-03-29,0.8743901252746582
GILD,2022-04-01,0.7539654970169067
MRK,2022-04-01,-0.8265472650527954
AMGN,2022-04-03,0.9320223331451416
BMY,2022-04-03,0.7740590572357178
CYTK,2022-04-03,-0.7837203741073608
IONS,2022-04-04,0.2955736517906189
CRIS,2022-04-04,0.9108271598815918
ABBV,2022-04-05,0.9434421062469482
BTAI,2022-04-06,0.4990179538726806
APTX,2022-04-07,-0.002520203590393
PFE,2022-04-07,0.943683385848999
ETON,2022-04-11,0.7425428628921509
BMY,2022-04-11,-0.0232725441455841
BMY,2022-04-11,0.9250864386558532
AIM,2022-04-11,0.9220402240753174
AIM,2022-04-11,0.8545609712600708
ZLAB,2022-04-12,0.9487223625183104
BMY,2022-04-12,0.6589120626449585
AMRX,2022-04-13,0.9405299425125122
BMY,2022-04-14,0.947300910949707
NKTR,2022-04-14,0.5083972215652466
NKTR,2022-04-14,0.9151389598846436
AMGN,2022-04-18,0.94588303565979
BGNE,2022-04-19,0.9387218356132508
GLSI,2022-04-19,0.0423428863286972
KPRX,2022-04-25,0.8453822731971741
ANAB,2022-04-27,0.0945392847061157
OCUP,2022-04-28,0.946519374847412
LIAN,2022-04-28,0.9032215476036072
BMY,2022-04-28,0.9439130425453186
AXSM,2022-05-02,0.9449644684791564
PALI,2022-05-02,0.3860157132148742
OCUP,2022-05-02,0.5175846219062805
KOD,2022-05-03,0.8391328454017639
ZLAB,2022-05-05,0.8815176486968994
AKTX,2022-05-10,0.9122103452682496
INCY,2022-05-11,-0.5247103571891785
XERS,2022-05-12,0.934789538383484
LPCN,2022-05-12,0.9486060738563538
HRMY,2022-05-13,0.1689666211605072
URGN,2022-05-13,0.4944740533828735
LLY,2022-05-13,0.2803724706172943
EQRX,2022-05-13,0.7961297631263733
SIGA,2022-05-19,0.9487191438674928
RCKT,2022-05-19,-0.752196192741394
RARE,2022-05-19,0.9282455444335938
OCUP,2022-05-19,0.7725897431373596
RARE,2022-05-19,-0.2424428611993789
REGN,2022-05-20,0.9463074803352356
ATHX,2022-05-20,0.8635101914405823
PFE,2022-05-23,0.9461445212364196
AMPH,2022-05-24,0.929512858390808
UTHR,2022-05-24,0.9167097806930542
MNKD,2022-05-24,0.8076165914535522
ROIV,2022-05-24,0.1461289525032043
NRXP,2022-05-25,0.9144435524940492
CRNX,2022-05-25,-0.0603995360434055
ADAP,2022-05-26,0.5621353387832642
EXEL,2022-05-26,0.9158861041069032
ZYME,2022-05-26,0.7097457647323608
REGN,2022-05-26,0.8532978892326355
BGNE,2022-05-26,0.7305457592010498
HOOK,2022-05-26,0.8062341809272766
AMRX,2022-05-27,0.8839242458343506
ETON,2022-05-27,0.9498940110206604
BMY,2022-05-27,0.9463523030281068
PTCT,2022-05-31,0.9471561908721924
BMRN,2022-05-31,-0.0463457815349102
PLX,2022-05-31,0.5219753384590149
ALKS,2022-06-01,0.9486485123634338
FNCH,2022-06-01,0.930456042289734
BMY,2022-06-02,0.9453145265579224
PFE,2022-06-04,0.8988099098205566
VERA,2022-06-04,0.9021320343017578
LLY,2022-06-04,0.9410365223884584
RFL,2022-06-04,-0.6546744704246521
MEIP,2022-06-04,0.606243371963501
GILD,2022-06-06,0.8804224729537964
CORT,2022-06-06,0.4375081062316894
EFTR,2022-06-06,0.7186354994773865
CNTX,2022-06-06,0.0863321125507354
BMY,2022-06-06,0.8120945692062378
EQRX,2022-06-06,0.5721880197525024
GILD,2022-06-06,0.9460867047309875
SGEN,2022-06-06,0.9269611239433287
AMGN,2022-06-06,0.8325903415679932
VERU,2022-06-06,0.8968856930732727
IBRX,2022-06-06,-0.1559711694717407
MRK,2022-06-06,0.8364633321762085
PRAX,2022-06-06,0.831238865852356
BMY,2022-06-07,-0.1094903349876403
REGN,2022-06-07,0.9488325715065002
ANNX,2022-06-07,0.777140736579895
ALDX,2022-06-08,-0.0403397679328918
MNOV,2022-06-08,0.39280766248703
DTIL,2022-06-08,0.239207848906517
BBIO,2022-06-10,0.9412518739700316
AGIO,2022-06-10,0.944963812828064
LLY,2022-06-13,0.8498756289482117
CRSP,2022-06-13,0.6373041868209839
EIGR,2022-06-13,0.9451462626457214
VRTX,2022-06-13,0.2921068668365478
BBIO,2022-06-13,0.8309407234191895
ALNY,2022-06-14,0.8113571405410767
INCY,2022-06-14,0.9380249977111816
LLY,2022-06-14,0.9380249977111816
RYTM,2022-06-16,0.204973042011261
ABBV,2022-06-17,0.8951794505119324
PFE,2022-06-17,0.3773664236068725
PTCT,2022-06-21,0.9166384935379028
MRK,2022-06-22,0.0555432364344596
ANIP,2022-06-22,0.9426462054252625
BMY,2022-06-24,0.9487566351890564
IONS,2022-06-27,0.7853285670280457
ABUS,2022-06-27,-0.8183412551879883
MDGL,2022-06-27,-0.367138922214508
ETNB,2022-06-27,-0.1685335636138916
JAZZ,2022-06-28,0.9488936066627502
CYCN,2022-06-28,-0.7366294264793396
CYCC,2022-06-30,0.849280834197998
BGNE,2022-06-30,0.9156767129898072
AMTI,2022-07-06,0.6301599144935608
SRPT,2022-07-06,0.8473723530769348
AMGN,2022-07-08,0.1242645680904388
MGNX,2022-07-08,0.2803106904029846
ALDX,2022-07-12,-0.0434086099267005
HGEN,2022-07-13,0.9071849584579468
CFRX,2022-07-13,0.7746168375015259
REGN,2022-07-14,0.9084444046020508
ETON,2022-07-18,0.9471523761749268
HRMY,2022-07-18,0.6955787539482117
INCY,2022-07-19,0.5370346307754517
BIIB,2022-07-20,-0.7807002067565918
MRK,2022-07-20,0.8750657439231873
VTGN,2022-07-22,0.6772584915161133
JNJ,2022-07-26,0.9313109517097472
MBRX,2022-07-28,-0.4254638850688934
PFE,2022-07-28,-0.5628100037574768
JNJ,2022-08-01,0.9468495845794678
HALO,2022-08-01,0.7693628668785095
CHRS,2022-08-02,0.8849301338195801
LABP,2022-08-03,0.8873004913330078
ABBV,2022-08-03,0.9306505918502808
LIAN,2022-08-03,0.8873004913330078
MACK,2022-08-03,0.9338432550430298
MRK,2022-08-03,0.7833207249641418
NBIX,2022-08-04,0.9470623135566713
ACAD,2022-08-05,-0.2345311939716339
PFE,2022-08-05,0.9060766696929932
EQRX,2022-08-07,0.8595867156982422
VRDN,2022-08-15,0.4409247040748596
BLUE,2022-08-17,0.8620327711105347
ARCT,2022-08-18,-0.0398736894130706
AXSM,2022-08-19,0.8755689263343811
AMGN,2022-08-23,0.6975065469741821
JNJ,2022-08-24,0.7045148611068726
INCY,2022-08-26,-0.0188914239406585
BMY,2022-08-28,0.9438588619232178
ALNY,2022-08-29,0.0838339105248451
REGN,2022-08-29,0.9453126788139344
DVAX,2022-08-30,0.5666305422782898
AQST,2022-08-31,0.946468710899353
ANAB,2022-08-31,0.8603100180625916
VRTX,2022-09-02,0.9288264513015748
PCRX,2022-09-06,0.7215275168418884
GKOS,2022-09-07,0.521732747554779
EXEL,2022-09-08,-0.1647359728813171
BMY,2022-09-08,0.9476000666618348
RVNC,2022-09-08,0.5726101398468018
CARA,2022-09-08,0.9494600892066956
ARQT,2022-09-09,0.8899871706962585
ASRT,2022-09-09,-0.0297575518488883
AMGN,2022-09-09,0.5728927254676819
ALLK,2022-09-09,0.8309908509254456
DCPH,2022-09-10,-0.7065661549568176
EXEL,2022-09-10,0.7660107612609863
BMY,2022-09-10,-0.2755701541900635
LYRA,2022-09-10,0.3861827254295349
CRDF,2022-09-10,0.7235952019691467
MRK,2022-09-10,-0.1829329133033752
NKTR,2022-09-10,0.8039175271987915
BMY,2022-09-10,0.9479624032974244
AMGN,2022-09-12,-0.2661987543106079
GRTS,2022-09-12,0.4005490839481354
ONTX,2022-09-12,-0.5519731044769287
GRTS,2022-09-12,0.1433039158582687
NAVB,2022-09-15,0.9284996390342712
HRTX,2022-09-16,0.9496615529060364
JNJ,2022-09-18,0.9238408207893372
WVE,2022-09-20,0.8338753581047058
LLY,2022-09-21,0.5083972215652466
VBIV,2022-09-21,0.9459839463233948
LLY,2022-09-21,-0.35386922955513
WINT,2022-09-26,0.8786874413490295
EQ,2022-09-27,0.5846140384674072
BMY,2022-09-28,0.8928168416023254
REGN,2022-09-28,0.9461609125137328
CPRX,2022-09-29,-0.6291815042495728
AXLA,2022-09-29,0.9018338918685912
PFE,2022-09-29,-0.0511535257101058
IMGN,2022-09-29,0.0759134739637374
AMLX,2022-09-29,-0.2930320501327514
BHVN,2022-09-29,-0.0511535257101058
IMGN,2022-09-29,0.4954654574394226
GRTS,2022-09-30,0.7835021615028381
APLS,2022-09-30,0.94556725025177
MGTX,2022-10-01,0.7551483511924744
VSTM,2022-10-04,0.4422594904899597
KALV,2022-10-04,0.8909444808959961
ANAB,2022-10-05,0.9500564336776732
SUPN,2022-10-10,0.9348909854888916
FOLD,2022-10-12,0.9397053122520448
SRPT,2022-10-14,0.9145257472991944
SAGE,2022-10-17,-0.1520203799009323
BIIB,2022-10-17,0.9286335110664368
EYEN,2022-10-20,0.8217231631278992
ABBV,2022-10-21,0.9464259147644044
JNJ,2022-10-24,0.9390350580215454
MIRM,2022-10-24,0.1061320304870605
ABBV,2022-10-24,-0.1021999269723892
SCYX,2022-10-24,-0.0986911058425903
MRUS,2022-10-26,0.0645657330751419
JNJ,2022-10-26,0.9449234008789062
ATRA,2022-10-26,-0.2471180707216262
PBYI,2022-10-27,0.1047887206077575
REGN,2022-10-27,0.9472562074661256
KALV,2022-10-31,-0.7009565234184265
DNLI,2022-11-01,0.6206948161125183
ABUS,2022-11-01,0.7137740850448608
ASMB,2022-11-01,0.4766026139259338
GILD,2022-11-02,0.9449244737625122
AMRX,2022-11-02,0.8025691509246826
AIMD,2022-11-03,0.7029695510864258
ADVM,2022-11-04,0.7225958704948425
PFE,2022-11-04,0.9391658902168274
IONS,2022-11-04,0.7022513151168823
LXRX,2022-11-05,0.899988055229187
VERA,2022-11-05,0.8407899141311646
ICPT,2022-11-06,0.897204577922821
ARWR,2022-11-07,-0.3453333973884582
MIST,2022-11-07,0.4797492027282715
CARA,2022-11-07,0.6821964383125305
NXTC,2022-11-07,0.9019648432731628
IONS,2022-11-07,0.7084710597991943
ABBV,2022-11-07,-0.0392566993832588
ADAP,2022-11-08,0.723060131072998
ADAP,2022-11-08,0.8018052577972412
MIRM,2022-11-08,0.3130044043064117
NVAX,2022-11-08,0.5041494965553284
GLTO,2022-11-08,-0.2354977279901504
PRAX,2022-11-09,0.3173516094684601
MACK,2022-11-09,-0.0080118775367736
CNTX,2022-11-09,0.946550190448761
SLS,2022-11-10,0.7561438083648682
IOVA,2022-11-10,0.8671319484710693
BMY,2022-11-10,0.9010884761810304
SGEN,2022-11-10,0.921817421913147
NRIX,2022-11-10,-0.2195184379816055
NRIX,2022-11-10,0.2227406054735183
XNCR,2022-11-10,0.946707248687744
VCNX,2022-11-10,0.8838138580322266
SYRS,2022-11-14,0.8834663033485413
VRDN,2022-11-14,0.8098565936088562
IMGN,2022-11-14,0.4428111910820007
AMGN,2022-11-14,0.9396122097969056
INTS,2022-11-17,0.0600177198648452
MEIP,2022-11-17,0.4479813575744629
JAZZ,2022-11-18,0.9468501210212708
SCYX,2022-12-01,0.8968841433525085
AMGN,2022-12-01,0.9267980456352234
VNDA,2022-12-02,0.9476904273033142
XENE,2022-12-04,-0.5108426809310913
PRAX,2022-12-04,0.8499866127967834
DRMA,2022-12-05,0.8458459973335266
BIVI,2022-12-05,0.9161227345466614
HLVX,2022-12-05,0.6507176756858826
RLMD,2022-12-07,0.7788981199264526
MNOV,2022-12-07,0.08461844176054
PBYI,2022-12-08,0.928070306777954
CORT,2022-12-08,0.9349356889724731
PFE,2022-12-08,-0.781140148639679
NGM,2022-12-08,0.5408556461334229
GTHX,2022-12-08,0.3774576783180237
CYTK,2022-12-08,0.1953515112400055
VIRX,2022-12-09,0.52834552526474
TSVT,2022-12-10,0.8507388830184937
ADPT,2022-12-10,0.9366543889045716
BMY,2022-12-10,0.883736789226532
ABBV,2022-12-10,0.946366548538208
BMY,2022-12-10,0.902945041656494
FATE,2022-12-10,0.729135274887085
BMY,2022-12-11,0.9479211568832396
AGIO,2022-12-12,0.6481249332427979
VINC,2022-12-12,0.178266704082489
INCY,2022-12-12,-0.1571327596902847
BMY,2022-12-12,0.476073682308197
BMY,2022-12-12,0.9317107796669006
RIGL,2022-12-12,0.9426397681236268
BPMC,2022-12-12,0.9504700303077698
BLUE,2022-12-12,0.6409762501716614
SLRX,2022-12-12,0.853390634059906
NVCR,2022-12-12,-0.2631174325942993
INCY,2022-12-12,0.9432550668716432
ZLAB,2022-12-12,0.946596384048462
REGN,2022-12-12,0.4711873531341553
STRO,2022-12-12,0.6511303782463074
ATNM,2022-12-12,0.8263101577758789
GLTO,2022-12-12,0.7908634543418884
MRK,2022-12-12,0.9489268660545348
REGN,2022-12-12,0.9454567432403564
ALXO,2022-12-12,0.4855321049690246
BMY,2022-12-12,-0.824779748916626
JAZZ,2022-12-12,-0.4386098682880401
FATE,2022-12-12,0.0188761353492736
JAZZ,2022-12-12,0.9487532377243042
XNCR,2022-12-12,0.9424053430557252
ADPT,2022-12-12,0.9115886688232422
RCKT,2022-12-12,0.7365323901176453
ABBV,2022-12-12,0.8631608486175537
PGEN,2022-12-13,0.430886447429657
ZLAB,2022-12-13,0.8913961052894592
ADMA,2022-12-13,0.7817015647888184
MRTX,2022-12-13,0.5228379368782043
KYMR,2022-12-14,0.7393611073493958
ALNY,2022-12-15,0.9458423852920532
SYBX,2022-12-15,-0.5817423462867737
TARS,2022-12-15,0.9416078329086304
ABBV,2022-12-19,0.932664155960083
VNDA,2022-12-19,-0.5349341034889221
ANIP,2022-12-20,0.8415157198905945
LGND,2022-12-20,0.2779855728149414
GTHX,2022-12-20,0.5359561443328857
VRNA,2022-12-20,0.2779855728149414
ZVRA,2022-12-23,0.0416100919246673
AMTI,2022-12-23,0.4705481231212616
ATAI,2022-12-23,0.7510048747062683
PDSB,2022-12-28,0.4873453080654144
PFE,2022-12-29,0.8246767520904541
FBIO,2023-01-04,0.3237346410751343
PHAT,2023-01-08,0.8615410923957825
BFRI,2023-01-09,0.9422532320022584
BTAI,2023-01-11,0.9382083415985109
ORMP,2023-01-12,0.6110376119613647
BGNE,2023-01-19,0.9087932109832764
ZYME,2023-01-19,0.7305457592010498
MRK,2023-01-19,0.9494017362594604
SGEN,2023-01-19,0.9365481734275818
LLY,2023-01-20,0.9326175451278688
BMY,2023-01-26,0.8773529529571533
LLY,2023-01-27,0.7835683822631836
MRK,2023-01-27,0.945297122001648
CNTX,2023-01-31,0.0353292301297187
AMLX,2023-02-02,0.8948984146118164
GILD,2023-02-03,0.4559316337108612
REGN,2023-02-08,-0.2978823781013489
TSVT,2023-02-10,0.6428540945053101
ANAB,2023-02-10,-0.555986225605011
PFE,2023-02-10,-0.3006258606910705
BMY,2023-02-10,0.8699524402618408
RGNX,2023-02-11,0.2615030705928802
GTHX,2023-02-13,0.7105101346969604
FREQ,2023-02-13,0.6985064744949341
FREQ,2023-02-13,0.3414632380008697
BCYC,2023-02-14,0.7714436650276184
MGNX,2023-02-14,0.9040703773498536
ALVR,2023-02-15,0.7337418794631958
JSPR,2023-02-16,0.795424222946167
AURA,2023-02-16,0.7824228405952454
OPTN,2023-02-16,0.825647234916687
CLSD,2023-02-16,-0.1134039536118507
MRK,2023-02-16,0.2017895281314849
APLS,2023-02-17,-0.4065694212913513
PFE,2023-02-17,0.58918696641922
TEVA,2023-02-17,0.9460165500640868
TVTX,2023-02-17,0.7761439085006714
GILD,2023-02-17,0.0604228973388671
MRK,2023-02-21,0.8791519403457642
IONS,2023-02-21,0.0204356759786605
CING,2023-02-23,0.1705520451068878
BCTX,2023-02-23,0.0983300805091857
ATXS,2023-02-24,-0.4279668927192688
FULC,2023-02-24,-0.0351179167628288
APTX,2023-02-27,-0.2747504711151123
BPMC,2023-02-27,0.2786048054695129
REGN,2023-02-28,0.6512605547904968
CYTK,2023-02-28,0.8596768379211426
AMGN,2023-02-28,0.8596768379211426
INO,2023-03-01,0.9199312329292296
MRK,2023-03-01,0.9295823574066162
DVAX,2023-03-02,0.9132107496261596
MRK,2023-03-03,0.9459018111228944
LLY,2023-03-03,0.9479520320892334
EXEL,2023-03-03,0.7238144278526306
ACHV,2023-03-03,0.8226709365844727
AMGN,2023-03-04,0.9000030755996704
ACRS,2023-03-06,0.8337931036949158
MRK,2023-03-06,0.9316779971122742
MRK,2023-03-06,0.94315367937088
CHRS,2023-03-06,0.8078451752662659
AMPH,2023-03-07,-0.0518061220645904
FRTX,2023-03-07,0.3167447745800018
PFE,2023-03-10,0.8565320372581482
ACAD,2023-03-10,0.9253023266792296
SYBX,2023-03-12,0.5764896869659424
BIVI,2023-03-13,0.9279541969299316
MRK,2023-03-16,0.9449018239974976
ZVRA,2023-03-17,-0.0525569804012775
ACER,2023-03-17,-0.0525569804012775
ABBV,2023-03-18,0.1315754801034927
SYBX,2023-03-19,0.8222061991691589
KRTX,2023-03-20,0.8625800013542175
ALT,2023-03-21,-0.0630634129047393
ABBV,2023-03-22,0.9392130374908448
VTGN,2023-03-22,-0.7542914152145386
INCY,2023-03-22,0.5621108412742615
CDTX,2023-03-22,0.0139681696891784
REGN,2023-03-22,0.9480332732200624
REGN,2023-03-23,0.6257752180099487
INCY,2023-03-23,0.9186342358589172
MRK,2023-03-23,0.945123851299286
CGTX,2023-03-28,-0.2168821394443512
MRK,2023-03-29,0.9505178928375244
EBS,2023-03-29,0.8286895155906677
BIIB,2023-03-29,0.0797166228294372
ALGS,2023-03-29,0.9009700417518616
IONS,2023-03-29,0.0491448938846588
AVXL,2023-03-30,0.8510236740112305
CYTK,2023-03-31,0.8131857514381409
AKBA,2023-04-03,0.8821901679039001
ONCT,2023-04-03,0.9011770486831664
SGEN,2023-04-03,0.9466158747673036
JNJ,2023-04-03,0.9308748841285706
IMUX,2023-04-05,0.8472033739089966
MRK,2023-04-07,0.8125090003013611
MRK,2023-04-07,0.9481513500213624
AMGN,2023-04-10,0.9421595931053162
AGLE,2023-04-12,0.8210353851318359
LLY,2023-04-13,-0.0406886488199234
MNMD,2023-04-14,0.8030516505241394
HGEN,2023-04-14,0.9225318431854248
INO,2023-04-16,0.3410293161869049
TPST,2023-04-17,0.8623305559158325
PFE,2023-04-17,0.9119893312454224
VACC,2023-04-17,0.7577967047691345
AVIR,2023-04-17,-0.0591516382992267
PCVX,2023-04-17,0.0242337211966514
GMDA,2023-04-17,0.5748332142829895
AVIR,2023-04-17,-0.6433809399604797
SGEN,2023-04-17,0.7245118618011475
ABBV,2023-04-18,0.6005087494850159
DARE,2023-04-18,0.8272250890731812
JNJ,2023-04-18,0.928983747959137
SONN,2023-04-18,0.7001134753227234
ASMB,2023-04-18,0.7496054172515869
ZYME,2023-04-18,0.5455808639526367
RLAY,2023-04-18,0.8480454683303833
RPTX,2023-04-18,0.8918864727020264
ABBV,2023-04-21,0.9470623135566713
PFE,2023-04-23,0.7624499797821045
IDYA,2023-04-23,0.6937733292579651
UBX,2023-04-24,0.9253938794136048
VTRS,2023-04-24,0.9476876258850098
ANIP,2023-04-24,0.9487228989601136
CLNN,2023-04-25,0.0119537413120269
IONS,2023-04-25,0.5122833847999573
BIIB,2023-04-25,0.6014640927314758
ATHA,2023-04-25,0.6855928301811218
AVIR,2023-04-25,0.8729003667831421
INBX,2023-04-26,0.7973799705505371
MCRB,2023-04-26,-0.1016049236059188
ABVC,2023-04-26,0.914332389831543
KPRX,2023-04-26,0.7432315349578857
NKTR,2023-04-27,0.5475290417671204
VRDN,2023-04-27,0.8978734612464905
PFE,2023-04-27,0.7142562866210938
LLY,2023-04-27,0.9460106492042542
OVID,2023-04-27,0.0257905796170234
ATAI,2023-04-28,0.7478291988372803
TEVA,2023-04-28,0.9455663561820984
CABA,2023-05-01,0.8703364729881287
KPRX,2023-05-01,0.8501889109611511
PFE,2023-05-01,0.9476411938667296
AVDL,2023-05-01,0.8820622563362122
MBRX,2023-05-02,-0.3040907084941864
VRTX,2023-05-03,0.9175947904586792
KPTI,2023-05-03,0.949132800102234
AGEN,2023-05-03,0.8347814679145813
COCP,2023-05-04,0.1308282911777496
SABS,2023-05-04,0.8262724876403809
PCSA,2023-05-06,0.5874555706977844
BCRX,2023-05-07,0.9377051591873168
NGM,2023-05-08,0.6482305526733398
LLY,2023-05-08,0.4867911338806152
VIR,2023-05-08,0.8393102884292603
ACST,2023-05-08,0.8330680727958679
EYEN,2023-05-08,0.9330176115036012
NVAX,2023-05-09,0.5391703844070435
LGVN,2023-05-09,-0.0428568571805954
IDYA,2023-05-09,0.8565320372581482
ENSC,2023-05-09,0.6023973226547241
PLX,2023-05-10,0.8182657361030579
GTHX,2023-05-10,-0.8424996733665466
BIIB,2023-05-10,-0.5819783210754395
BIIB,2023-05-10,0.7514452934265137
ABBV,2023-05-15,0.9273695945739746
EQ,2023-05-15,0.7978503108024597
ANIP,2023-05-15,0.941175639629364
XFOR,2023-05-16,0.7695975303649902
LPCN,2023-05-16,0.6919158697128296
ROIV,2023-05-16,0.4138827919960022
LGND,2023-05-16,0.9453637599945068
PTCT,2023-05-17,-0.8311193585395813
RCKT,2023-05-18,0.5433448553085327
FGEN,2023-05-18,0.9118391871452332
ABBV,2023-05-18,-0.0512482933700084
RCKT,2023-05-19,0.3076106905937195
ADPT,2023-05-19,0.9250864386558532
MRNA,2023-05-19,0.8979644775390625
KRYS,2023-05-19,0.0266221985220909
ABBV,2023-05-19,0.9439130425453186
ALPN,2023-05-20,0.505601704120636
LIFE,2023-05-22,0.7505474090576172
HEPA,2023-05-22,0.0011978670954704
CYTK,2023-05-22,0.8210289478302002
KROS,2023-05-22,0.9313790202140808
ABBV,2023-05-22,0.9490026831626892
BPMC,2023-05-22,0.9058390259742736
BBIO,2023-05-22,0.6480600237846375
PTCT,2023-05-23,0.8906883597373962
ACHV,2023-05-23,0.9232321977615356
ARWR,2023-05-23,0.5991274118423462
RGNX,2023-05-23,-0.7018048763275146
ZLAB,2023-05-24,0.9385154843330384
INVA,2023-05-24,-0.2682902812957763
MRTX,2023-05-24,0.9269288778305054
VSTM,2023-05-25,0.7696012258529663
SYRS,2023-05-25,0.7321062684059143
ARAV,2023-05-25,-0.4541543424129486
EFTR,2023-05-25,-0.119378387928009
APLT,2023-05-25,0.8315967917442322
PFE,2023-05-25,0.7537169456481934
TPST,2023-05-25,0.794483482837677
GNLX,2023-05-25,0.8932585716247559
BTAI,2023-05-25,0.2541962265968323
REGN,2023-05-25,-0.0270706117153167
VNDA,2023-05-25,0.8391832113265991
LXRX,2023-05-26,0.0390346348285675
RAIN,2023-05-30,-0.172446608543396
RAIN,2023-05-30,0.3975272178649902
EGRX,2023-05-31,0.8114777207374573
ABBV,2023-05-31,0.9308748841285706
DTIL,2023-05-31,0.3233557939529419
AMGN,2023-05-31,0.9369004368782043
ZLAB,2023-06-01,0.4230022132396698
PFE,2023-06-01,0.9429264664649964
ZLAB,2023-06-01,0.7787574529647827
PFE,2023-06-01,0.8640028238296509
MRK,2023-06-01,0.9483739137649536
DCPH,2023-06-01,0.9487566351890564
PFE,2023-06-01,0.694192111492157
ZLAB,2023-06-01,0.9465737342834472
MRK,2023-06-02,0.1691246926784515
SGEN,2023-06-03,0.9453261494636536
MTEM,2023-06-03,-0.5432336926460266
SGEN,2023-06-03,0.9451541900634766
AGEN,2023-06-03,0.4707379341125488
PFE,2023-06-03,0.8846883773803711
CHRS,2023-06-03,0.7567968368530273
CHRS,2023-06-03,0.9010370373725892
INCY,2023-06-03,0.9298487305641174
BGNE,2023-06-05,0.9082435965538024
ZYME,2023-06-05,0.6670602560043335
ERAS,2023-06-05,0.0679043531417846
ERAS,2023-06-05,0.5324533581733704
RCUS,2023-06-05,0.6446888446807861
BGNE,2023-06-05,0.6670602560043335
ERAS,2023-06-05,0.8498756289482117
INAB,2023-06-05,0.7189998030662537
PGEN,2023-06-05,0.6524096131324768
MRK,2023-06-05,0.7624499797821045
REPL,2023-06-05,0.183256983757019
BLPH,2023-06-05,0.6915728449821472
BGNE,2023-06-05,0.88201904296875
BPMC,2023-06-05,0.0405469834804534
SMMT,2023-06-05,-0.7109138369560242
GILD,2023-06-05,0.947492778301239
GILD,2023-06-05,0.1198852062225341
PFE,2023-06-05,0.805374026298523
AADI,2023-06-05,0.9453507661819458
BPMC,2023-06-05,0.8394875526428223
BMY,2023-06-05,0.9462606906890868
LGND,2023-06-05,0.434335708618164
COGT,2023-06-05,0.591159462928772
STTK,2023-06-05,0.8378227353096008
GILD,2023-06-05,0.8683952689170837
JNJ,2023-06-05,0.946210503578186
LPTX,2023-06-05,-0.3290461897850036
MRK,2023-06-05,0.9470569491386414
BPMC,2023-06-05,0.9476904273033142
ZNTL,2023-06-06,0.7509334087371826
YMAB,2023-06-06,0.1260410994291305
CHRS,2023-06-06,0.9453095197677612
BMY,2023-06-06,0.3466971516609192
BXRX,2023-06-07,0.3121224045753479
FGEN,2023-06-07,0.0602986216545105
VOR,2023-06-09,0.5748878717422485
EDIT,2023-06-09,0.8515108227729797
SWTX,2023-06-09,0.898881196975708
KALV,2023-06-09,0.0921620726585388
IMGN,2023-06-09,0.9389306306838988
BGNE,2023-06-09,0.8821715116500854
BGNE,2023-06-09,0.947282075881958
EDIT,2023-06-09,0.7697834968566895
KURA,2023-06-10,0.2856681942939758
OCUL,2023-06-10,0.9353341460227966
NKTX,2023-06-10,0.7462872862815857
PTGX,2023-06-11,-0.1189954578876495
SLRX,2023-06-12,0.3318042755126953
ABBV,2023-06-12,0.8881258368492126
IRWD,2023-06-12,0.9404168725013732
ATOS,2023-06-12,-0.2793629169464111
HOTH,2023-06-14,0.914459228515625
EGRX,2023-06-14,0.0707752257585525
ELOX,2023-06-14,0.7595251798629761
KYMR,2023-06-14,-0.0428646802902221
KYMR,2023-06-14,0.6745478510856628
AMRX,2023-06-14,0.9469743967056274
ALLO,2023-06-15,0.2629275918006897
MRSN,2023-06-15,0.243065670132637
MRSN,2023-06-15,-0.4432514905929565
ABBV,2023-06-15,0.941121220588684
TNXP,2023-06-15,0.6389490365982056
BGNE,2023-06-15,0.8965144157409668
HEPA,2023-06-15,0.8356519341468811
BGNE,2023-06-15,0.7218341827392578
ALLO,2023-06-15,0.8815261125564575
BMY,2023-06-16,0.3734293580055237
LIAN,2023-06-16,0.8660661578178406
BMY,2023-06-17,0.7873953580856323
BMY,2023-06-17,0.9426462054252625
GILD,2023-06-19,0.8577260971069336
RYTM,2023-06-19,0.9427947402000428
PFE,2023-06-20,0.9387995004653932
HALO,2023-06-20,0.0847091078758239
ANVS,2023-06-20,0.2982532978057861
ENTA,2023-06-20,0.8691314458847046
MRK,2023-06-20,0.0291080027818679
BBIO,2023-06-20,-0.0991338565945625
ZLAB,2023-06-20,0.8431008458137512
CYTK,2023-06-20,0.9058411121368408
PGEN,2023-06-20,0.2724409103393554
CTXR,2023-06-20,0.3928745985031128
ARDS,2023-06-20,-0.729541003704071
LUMO,2023-06-21,0.6732453107833862
LUMO,2023-06-21,0.3937833905220032
BLUE,2023-06-21,0.5543620586395264
QURE,2023-06-21,0.9490716457366944
AMGN,2023-06-21,0.8819628357887268
ALDX,2023-06-21,-0.8122766613960266
VACC,2023-06-21,0.8574927449226379
VTGN,2023-06-21,0.5695342421531677
ALGS,2023-06-21,0.8184104561805725
LLY,2023-06-21,0.9443761706352234
CDTX,2023-06-22,0.946540594100952
ERAS,2023-06-22,0.694192111492157
JNJ,2023-06-22,-0.1066119968891143
PFE,2023-06-23,0.9479684829711914
GILD,2023-06-23,0.9335806965827942
ICPT,2023-06-23,-0.6267838478088379
ICPT,2023-06-23,0.911672294139862
ICPT,2023-06-23,0.8948186635971069
RLYB,2023-06-24,0.335726797580719
VIR,2023-06-24,0.0163872838020324
LLY,2023-06-24,0.4004628360271454
LLY,2023-06-24,0.8143361210823059
LLY,2023-06-24,0.8146010637283325
VIR,2023-06-24,-0.0084484815597534
VIR,2023-06-24,-0.1642403751611709
ALNY,2023-06-24,0.7278814315795898
ETNB,2023-06-24,0.8995358943939209
ARWR,2023-06-24,0.4413484930992126
BMEA,2023-06-24,0.6002287268638611
ALNY,2023-06-24,0.5097640752792358
FGEN,2023-06-26,-0.1283681392669677
AVTX,2023-06-26,-0.6651178598403931
TERN,2023-06-26,-0.1997382193803787
LLY,2023-06-26,-0.1141872406005859
FUSN,2023-06-26,0.8511243462562561
AGIO,2023-06-26,0.5435495972633362
FGEN,2023-06-26,-0.6881476640701294
ALDX,2023-06-27,-0.2784580588340759
OPK,2023-06-28,-0.147843062877655
ABBV,2023-06-28,0.9424676299095154
PFE,2023-06-28,0.7853285670280457
CGTX,2023-06-28,0.7797451615333557
TEVA,2023-06-28,0.2674934566020965
AVXL,2023-06-28,0.4097619652748108
KPTI,2023-06-28,0.863116979598999
PTCT,2023-06-28,-0.1248923540115356
BIIB,2023-06-28,0.8495957851409912
SLS,2023-06-28,0.0107875168323516
ETON,2023-06-28,0.5303931832313538
ALDX,2023-06-29,0.3026353716850281
BHC,2023-06-29,0.0076486021280288
PTCT,2023-06-29,0.8858510851860046
FBIO,2023-06-29,0.9083001017570496
EIGR,2023-06-29,0.7505290508270264
BTAI,2023-06-29,0.3005487620830536
BMRN,2023-06-29,0.6978691816329956
SRRK,2023-06-30,0.9233049154281616
KRYS,2023-07-03,0.2043420672416687
AMRX,2023-07-03,0.9159504771232604
JNJ,2023-07-05,0.4368090629577636
PTGX,2023-07-05,0.4439395666122436
CCCC,2023-07-05,0.6861275434494019
MRNA,2023-07-05,0.8761565089225769
VXRT,2023-07-06,-0.7738568782806396
CLDX,2023-07-06,-0.1021310687065124
BIIB,2023-07-06,0.8562028408050537
IOVA,2023-07-10,0.2545367181301117
GOVX,2023-07-10,-0.0866295397281646
TNXP,2023-07-10,-0.1666810512542724
TNGX,2023-07-10,0.6775118112564087
SYBX,2023-07-11,0.4690175652503967
FBIO,2023-07-11,-0.3528833389282226
CLDX,2023-07-11,0.8901931047439575
DERM,2023-07-11,0.5631571412086487
CGTX,2023-07-11,0.8447778224945068
DERM,2023-07-11,0.1693270206451416
FWBI,2023-07-13,0.256500244140625
ZLAB,2023-07-14,0.0847091078758239
GILD,2023-07-14,0.9222646355628968
AMGN,2023-07-14,0.8278945088386536
VIRI,2023-07-17,0.3066993951797485
VAXX,2023-07-17,0.4729229509830475
KPTI,2023-07-17,0.0647353380918502
PRTA,2023-07-17,0.8456994295120239
HALO,2023-07-17,0.9430079460144044
CORT,2023-07-17,0.1154553294181823
BPTH,2023-07-17,0.7369730472564697
LLY,2023-07-17,0.7962430715560913
HALO,2023-07-17,0.0847091078758239
IMMX,2023-07-17,0.619788646697998
LGND,2023-07-18,0.9468501210212708
SNPX,2023-07-19,0.6040248274803162
PFE,2023-07-19,0.3899121880531311
MRK,2023-07-19,0.9315804243087769
HRMY,2023-07-20,-0.2274358719587326
VIR,2023-07-20,0.8113571405410767
VRCA,2023-07-21,0.2249732613563537
EBS,2023-07-21,0.8901547193527222
FIXX,2023-07-21,0.867388129234314
GILD,2023-07-21,0.5845781564712524
KOD,2023-07-24,0.8867977261543274
INCY,2023-07-24,0.9467906355857848
BMEA,2023-07-24,-0.0781607925891876
TNGX,2023-07-24,-0.1382017284631729
LCTX,2023-07-24,0.9217281937599182
TARS,2023-07-25,-0.2130773663520813
STOK,2023-07-25,0.8753663301467896
KPTI,2023-07-25,0.949179470539093
STOK,2023-07-25,0.8669185638427734
GOSS,2023-07-25,-0.1369476318359375
STOK,2023-07-25,0.8727257251739502
LIAN,2023-07-25,0.9486485123634338
LLY,2023-07-27,0.2205709517002105
LLY,2023-07-27,0.904325008392334
BHVN,2023-07-27,0.1094835549592971
LGND,2023-07-27,0.0555432364344596
MRK,2023-07-27,0.9487228989601136
LGND,2023-07-27,0.9455704092979432
DTIL,2023-07-27,0.0555568784475326
MRSN,2023-07-27,-0.1718480885028839
MRK,2023-07-27,-0.1248930841684341
PFE,2023-07-27,0.1094835549592971
EYPT,2023-07-27,0.8819246888160706
URGN,2023-07-27,0.0563863515853881
IOBT,2023-07-28,0.9379037022590636
MRK,2023-07-28,-0.6193965673446655
FDMT,2023-07-29,-0.0819542407989502
CLSD,2023-07-30,0.8757750988006592
RGNX,2023-07-30,0.8624444603919983
IONS,2023-07-31,0.1608129441738128
ANAB,2023-07-31,0.5136418342590332
QLGN,2023-08-01,-0.7467897534370422
RGNX,2023-08-01,0.9015159606933594
ALT,2023-08-01,-0.4537902474403381
GTHX,2023-08-02,0.3351532816886902
ICPT,2023-08-02,-0.3743011057376861
ARAV,2023-08-02,0.6952884197235107
ALEC,2023-08-03,-0.0712182074785232
ONCT,2023-08-03,-0.4915245771408081
MRK,2023-08-03,0.9278783798217772
SAGE,2023-08-04,0.0133813321590423
SAGE,2023-08-04,0.1867188811302185
BIIB,2023-08-04,-0.4858118295669555
BIIB,2023-08-04,0.8062521815299988
PRAX,2023-08-07,0.6594834327697754
SAGE,2023-08-07,0.8062521815299988
VTGN,2023-08-07,0.7061427235603333
ATAI,2023-08-08,0.730736494064331
VIRX,2023-08-08,0.0624512434005737
MRTX,2023-08-08,0.2133609503507614
PBYI,2023-08-08,0.7325289249420166
TERN,2023-08-08,0.7660589814186096
ICVX,2023-08-08,0.6677951216697693
PRAX,2023-08-08,0.8013444542884827
PALI,2023-08-09,0.576294481754303
MRK,2023-08-09,0.9412606954574584
GRTX,2023-08-09,0.7451238036155701
JNJ,2023-08-10,0.9488351345062256
ALXO,2023-08-10,0.8750657439231873
XFOR,2023-08-10,0.6075135469436646
REGN,2023-08-10,0.1644504070281982
JNJ,2023-08-11,0.928983747959137
ANNX,2023-08-11,0.8628878593444824
PFE,2023-08-14,0.9492020606994628
TCRT,2023-08-14,-0.7481297254562378
GLTO,2023-08-15,0.1370132863521576
FBIO,2023-08-16,0.7775008678436279
CMRX,2023-08-16,-0.8442004919052124
REGN,2023-08-18,0.884719967842102
NBIX,2023-08-18,-0.1265753805637359
REGN,2023-08-18,0.5816496014595032
SGEN,2023-08-19,0.9467906355857848
PFE,2023-08-21,0.9451621770858764
GILD,2023-08-21,0.1119798719882965
EXEL,2023-08-21,0.9454231262207032
TSHA,2023-08-24,0.8563141226768494
AKBA,2023-08-24,-0.1230117231607437
GILD,2023-08-24,0.9162608981132508
MRK,2023-08-25,-0.7254026532173157
BBIO,2023-08-27,0.8164390921592712
AMGN,2023-08-28,0.920226275920868
BMY,2023-08-28,0.88548344373703
ARWR,2023-08-28,0.9243192076683044
BIVI,2023-08-28,0.0659412145614624
ANIP,2023-08-28,0.8997852206230164
MRK,2023-08-28,0.9462496042251588
LIAN,2023-08-28,0.9470091462135316
TBPH,2023-08-28,0.0054475367069244
NVCR,2023-08-28,0.8913961052894592
BFRI,2023-08-28,0.7126084566116333
FGEN,2023-08-29,-0.1991975605487823
NBIX,2023-08-29,0.8370847702026367
RGNX,2023-08-30,0.3442527055740356
DNLI,2023-08-30,0.8064510822296143
ORTX,2023-08-31,0.640842854976654
RLYB,2023-09-03,0.7691794037818909
TNXP,2023-09-05,0.6002868413925171
BHVN,2023-09-05,0.7433796525001526
PFE,2023-09-05,0.932545006275177
IGMS,2023-09-05,0.6098610758781433
VTRS,2023-09-05,0.934750497341156
VBIV,2023-09-06,0.1937543004751205
GLYC,2023-09-06,0.6823322772979736
VXRT,2023-09-06,0.7685441970825195
TNGX,2023-09-06,-0.0326560512185096
HOTH,2023-09-06,0.9108133912086488
AMRX,2023-09-06,0.9330852031707764
VBIV,2023-09-06,0.0596168041229248
APLT,2023-09-06,0.923676371574402
VIR,2023-09-06,0.7278814315795898
CBAY,2023-09-07,0.8796160221099854
ARQT,2023-09-07,-0.4046152234077453
ABBV,2023-09-07,0.0229148864746093
VBIV,2023-09-07,0.7145299315452576
FDMT,2023-09-07,-0.0497709810733795
PFE,2023-09-07,0.9470758438110352
ALEC,2023-09-07,0.6105693578720093
ALNY,2023-09-07,0.9495611786842346
BCTX,2023-09-08,0.8244305849075317
FULC,2023-09-08,-0.8584833741188049
MRTX,2023-09-10,0.9148111343383788
PHGE,2023-09-10,-0.672871470451355
IDYA,2023-09-11,0.6523087024688721
BMY,2023-09-11,0.9429960250854492
IVVD,2023-09-11,0.7085533738136292
ABUS,2023-09-11,0.8854051828384399
VERU,2023-09-11,0.0333960056304931
AIM,2023-09-11,0.8383967876434326
VIGL,2023-09-11,0.866586446762085
CRNX,2023-09-11,0.8697609901428223
GOVX,2023-09-11,-0.2024831771850586
ABUS,2023-09-11,0.7280710339546204
ARWR,2023-09-11,0.7903884649276733
ITCI,2023-09-11,-0.5732182264328003
MRNA,2023-09-11,0.4087765514850616
MRKR,2023-09-11,0.444688081741333
MRK,2023-09-11,0.8996367454528809
PFE,2023-09-11,-0.183237612247467
ABUS,2023-09-11,-0.7961254119873047
GILD,2023-09-11,-0.6375761032104492
EYPT,2023-09-11,0.9470546245574952
LSTA,2023-09-12,0.8712033629417419
IOVA,2023-09-12,-0.3198718428611755
ANIP,2023-09-12,0.9474629163742064
VTGN,2023-09-12,0.8792193531990051
EIGR,2023-09-12,0.9212061166763306
NBIX,2023-09-12,0.6622984409332275
AMGN,2023-09-13,-0.7091721296310425
MRNA,2023-09-13,0.184648260474205
MDGL,2023-09-13,0.8743298649787903
OCGN,2023-09-13,-0.8094214200973511
PFE,2023-09-14,0.7245118618011475
BHVN,2023-09-14,-0.781140148639679
BMY,2023-09-14,0.8064358234405518
GILD,2023-09-18,0.9484317302703856
KYMR,2023-09-18,0.4903788864612579
ABBV,2023-09-18,0.9184759259223938
ACRS,2023-09-18,-0.4264917075634002
TCON,2023-09-18,0.2825968861579895
RVMD,2023-09-19,0.7481206059455872
IGXT,2023-09-19,0.3062795996665954
VIR,2023-09-20,0.0109970271587371
RGLS,2023-09-20,-0.0348467528820037
RLMD,2023-09-20,0.7302138805389404
JSPR,2023-09-21,0.8017067909240723
CBAY,2023-09-21,-0.1464628279209137
LLY,2023-09-22,-0.3121608793735504
MRK,2023-09-22,0.7740590572357178
MRK,2023-09-22,0.1211554557085037
KTRA,2023-09-23,0.721115231513977
MORF,2023-09-23,0.1613138616085052
CHRS,2023-09-25,0.9381959438323976
CLNN,2023-09-25,0.8695541620254517
ENSC,2023-09-26,0.459966242313385
CADL,2023-09-26,0.8416639566421509
INZY,2023-09-26,0.6903424263000488
VERU,2023-09-26,0.94880473613739
ADVM,2023-09-26,0.7617156505584717
IONS,2023-09-26,0.7161714434623718
CRDF,2023-09-26,0.5853374600410461
CRDF,2023-09-26,-0.4910103976726532
SLNO,2023-09-26,0.9071703553199768
PLRX,2023-09-26,-0.0006357431411743
LUMO,2023-09-26,0.145750880241394
OCUP,2023-09-27,0.736198902130127
UBX,2023-09-27,-0.5143284797668457
VBIV,2023-09-27,0.5658929347991943
VTRS,2023-09-27,0.9404362440109252
FOLD,2023-09-28,0.9458423852920532
VSTM,2023-09-28,0.946592390537262
BXRX,2023-09-28,0.9445574283599854
IMGN,2023-09-28,0.1161382496356964
MRK,2023-09-28,0.8538949489593506
BIIB,2023-09-29,-0.5708602070808411
GPCR,2023-09-29,0.6818568110466003
ABBV,2023-09-29,0.9327250123023988
ZVRA,2023-10-02,0.3447446227073669
APLS,2023-10-02,0.947482168674469
LGND,2023-10-02,0.7607827186584473
ATAI,2023-10-02,0.846460223197937
SNDX,2023-10-02,0.3005623519420624
LLY,2023-10-02,0.9476411938667296
MIRM,2023-10-02,0.9414073824882508
ATAI,2023-10-02,0.899008572101593
ANIP,2023-10-02,0.8997852206230164
NVAX,2023-10-03,0.8631535768508911
GALT,2023-10-03,-0.2731380760669708
IRON,2023-10-03,0.1841803193092346
VRTX,2023-10-03,0.925331711769104
RGNX,2023-10-03,0.8498197793960571
LCTX,2023-10-05,0.8604806065559387
MRK,2023-10-05,0.9465200304985046
NBIX,2023-10-05,0.1231537088751792
LGVN,2023-10-05,0.8906534910202026
AMGN,2023-10-05,0.9483398795127868
ARQT,2023-10-06,0.8007689118385315
ALNY,2023-10-09,0.7572728991508484
RNA,2023-10-09,0.7787023782730103
BBIO,2023-10-09,0.9032215476036072
VTYX,2023-10-09,0.8875784873962402
ANAB,2023-10-09,0.9342742562294006
IMUX,2023-10-09,0.1515516936779022
AKRO,2023-10-10,0.3864235877990722
INO,2023-10-10,0.7603484988212585
ATHX,2023-10-10,-0.2738628387451172
BTAI,2023-10-10,-0.1874582171440124
CAPR,2023-10-10,0.884452223777771
BFRI,2023-10-10,0.7183040380477905
HALO,2023-10-11,0.9488351345062256
TPST,2023-10-11,0.8623305559158325
RIGL,2023-10-11,0.9115422368049622
INCY,2023-10-11,0.9477997422218324
GRTS,2023-10-11,0.1907374262809753
PDSB,2023-10-11,0.8558264970779419
GRTS,2023-10-11,0.791702926158905
GRTS,2023-10-11,0.9209786653518676
MRK,2023-10-12,0.849946141242981
INCY,2023-10-12,0.9444503784179688
TEVA,2023-10-12,0.947518825531006
ENTA,2023-10-12,-0.3435763418674469
CYT,2023-10-12,-0.8405194878578186
LLY,2023-10-12,0.9452655911445618
PFE,2023-10-12,0.9479647874832152
ONTX,2023-10-12,0.8443886637687683
NVCT,2023-10-13,-0.2638812661170959
RVMD,2023-10-13,-0.1537491679191589
NKTR,2023-10-13,0.5225826501846313
PFE,2023-10-13,0.6121044754981995
TRVI,2023-10-13,0.4323021173477173
KOD,2023-10-13,0.8319577574729919
IMUX,2023-10-13,0.6878278255462646
KOD,2023-10-13,-0.3849956393241882
INCY,2023-10-13,0.9412723183631896
LLY,2023-10-13,0.8133947253227234
ENTX,2023-10-14,0.5585569143295288
RARE,2023-10-14,0.7358628511428833
ZLAB,2023-10-16,0.8628631830215454
MRK,2023-10-16,0.040342703461647
IMUX,2023-10-16,0.7484888434410095
APRE,2023-10-16,0.8607362508773804
BMY,2023-10-16,0.8197309970855713
ABBV,2023-10-16,0.5990570187568665
RARE,2023-10-16,-0.0179965198040008
NVCR,2023-10-16,0.4729143977165222
PRLD,2023-10-16,0.7022823095321655
AMGN,2023-10-16,0.7860164046287537
REGN,2023-10-16,0.9103020429611206
IKT,2023-10-16,0.0697619915008544
JNJ,2023-10-16,-0.8199607133865356
PBYI,2023-10-16,0.8602492213249207
OMER,2023-10-16,0.4332750737667084
TRVN,2023-10-16,0.7921618223190308
VSTM,2023-10-16,0.2448532879352569
CLSD,2023-10-16,0.7976447343826294
BMY,2023-10-17,0.6955310106277466
ARDX,2023-10-17,-0.4248892664909363
EVLO,2023-10-17,0.9091266989707948
VIGL,2023-10-17,0.8852875232696533
BMY,2023-10-17,0.5021686553955078
BOLT,2023-10-17,0.5510798096656799
VKTX,2023-10-18,0.0768420696258544
MRK,2023-10-20,0.947282075881958
ZYME,2023-10-20,0.1758048981428146
MRTX,2023-10-20,-0.2423363924026489
BGNE,2023-10-20,0.9066591858863832
MRK,2023-10-20,0.945570170879364
FGEN,2023-10-20,0.3614420592784881
BHC,2023-10-20,0.9450685381889344
MRK,2023-10-20,0.946182668209076
REGN,2023-10-20,0.8799647092819214
PFE,2023-10-20,-0.612257719039917
BGNE,2023-10-21,0.3958198428153991
BGNE,2023-10-21,0.0895089209079742
LLY,2023-10-21,-0.8172751665115356
BMY,2023-10-21,0.1094835549592971
KURA,2023-10-21,0.3670082092285156
PFE,2023-10-21,-0.0184563100337982
BGNE,2023-10-21,0.5455808639526367
BGNE,2023-10-22,0.91164368391037
BMY,2023-10-22,0.9454199075698853
OLMA,2023-10-22,0.7609861493110657
EPIX,2023-10-22,0.0650470554828643
FHTX,2023-10-22,-0.1514036804437637
ARVN,2023-10-22,0.8481457233428955
MRK,2023-10-23,0.857429027557373
TOVX,2023-10-23,-0.754374623298645
ADXS,2023-10-23,0.7362217307090759
MRK,2023-10-23,0.8339876532554626
MRK,2023-10-23,0.9423104524612428
BGNE,2023-10-23,-0.2459590882062912
IBRX,2023-10-23,0.8471222519874573
MRK,2023-10-23,0.8816675543785095
SGEN,2023-10-23,0.9430166482925416
MRUS,2023-10-23,0.9022603631019592
SGEN,2023-10-23,0.3899121880531311
HARP,2023-10-23,0.7732353210449219
MRNA,2023-10-23,-0.6824684739112854
BMY,2023-10-23,0.9419020414352416
REGN,2023-10-23,0.5684064626693726
BMRN,2023-10-23,0.8167331218719482
PDSB,2023-10-23,0.8888955116271973
IOBT,2023-10-23,0.8838769793510437
ARVN,2023-10-23,0.8988099098205566
ORIC,2023-10-23,0.6440016031265259
GLTO,2023-10-23,0.79331374168396
INMB,2023-10-24,-0.8424996733665466
MRNA,2023-10-24,0.5976819396018982
EFTR,2023-10-24,-0.0998801589012146
JNJ,2023-10-24,0.944428563117981
JNJ,2023-10-24,0.9284838438034058
JNJ,2023-10-24,0.0147143900394439
JNJ,2023-10-24,-0.6256411671638489
MGTX,2023-10-24,0.9167430400848388
BMY,2023-10-24,0.9471799731254578
ALNY,2023-10-25,0.9408515691757202
LIAN,2023-10-25,0.6780298948287964
BIIB,2023-10-25,-0.3405442535877228
BIVI,2023-10-25,0.8557038307189941
BBIO,2023-10-25,0.9486485123634338
SAVA,2023-10-25,0.8588857054710388
BIIB,2023-10-25,0.0271627083420753
ORTX,2023-10-26,0.9322164058685304
BCRX,2023-10-26,0.6514990329742432
EWTX,2023-10-26,0.9460013508796692
EWTX,2023-10-26,-0.2447745651006698
EWTX,2023-10-26,0.3961193561553955
CPRX,2023-10-26,-0.7803518772125244
REGN,2023-10-26,-0.6775979995727539
BMY,2023-10-26,-0.7383728623390198
PFE,2023-10-26,0.9359210133552552
CHRS,2023-10-27,0.7530571222305298
ALEC,2023-10-27,-0.4662455916404724
CGTX,2023-10-27,0.8939542174339294
SRPT,2023-10-30,0.8155686855316162
FDMT,2023-10-30,0.873917818069458
DCPH,2023-10-30,0.876746654510498
SLS,2023-10-30,0.0985894799232482
PHAT,2023-10-30,0.9423086047172546
VYNE,2023-10-30,0.9471827149391174
LIAN,2023-10-30,0.9416078329086304
GRTX,2023-10-31,0.5607719421386719
REGN,2023-10-31,0.7403014898300171
AMGN,2023-10-31,0.7696012258529663
BHVN,2023-10-31,-0.8172751665115356
AMGN,2023-10-31,0.9043737053871156
AMGN,2023-10-31,0.9335381984710692
GRTX,2023-10-31,-0.3110716640949249
PFE,2023-10-31,-0.8172751665115356
MRK,2023-10-31,-0.4391405284404754
FDMT,2023-11-01,0.7485504150390625
CLSD,2023-11-01,0.9455982446670532
INVA,2023-11-01,0.9317331314086914
MNPR,2023-11-01,0.6477332711219788
TNXP,2023-11-01,0.1640422046184539
MRK,2023-11-01,0.9455622434616088
DARE,2023-11-01,0.9458838701248168
RANI,2023-11-01,-0.7226587533950806
CCCC,2023-11-01,-0.0765424668788909
MRK,2023-11-01,0.9453145265579224
OMER,2023-11-02,0.8450790643692017
FHTX,2023-11-02,0.8980292677879333
NRIX,2023-11-02,0.7944378852844238
LLY,2023-11-02,0.9138981103897096
OTLK,2023-11-02,0.9157428741455078
OPK,2023-11-02,0.0962999165058136
PFE,2023-11-02,0.8016213178634644
ORIC,2023-11-02,0.9178930521011353
PFE,2023-11-02,0.0294649302959442
NTLA,2023-11-02,0.9075701236724854
IRON,2023-11-02,0.8176479339599609
MEIP,2023-11-02,-0.8548581004142761
ELDN,2023-11-02,0.6178898215293884
KROS,2023-11-02,0.913439929485321
ALPN,2023-11-02,-0.3870016634464264
MTEM,2023-11-02,0.8056211471557617
PTGX,2023-11-02,0.3709785938262939
REGN,2023-11-02,0.7088263630867004
HARP,2023-11-02,0.0275439769029617
IRON,2023-11-02,0.5968031883239746
TVTX,2023-11-03,0.944428563117981
XLO,2023-11-03,0.7915529012680054
INKT,2023-11-03,0.757948100566864
CGEM,2023-11-03,0.8628631830215454
TVTX,2023-11-03,0.9454174041748048
ELTX,2023-11-03,-0.1889547109603881
AUPH,2023-11-03,0.9491031765937804
CUE,2023-11-03,0.8251255750656128
CUE,2023-11-03,0.8846853971481323
CADL,2023-11-03,-0.0151704847812652
HOOK,2023-11-03,0.6775650978088379
PSTV,2023-11-03,0.7572441697120667
REGN,2023-11-04,0.8458390831947327
SNSE,2023-11-04,-0.696324348449707
